address,price,area,furnishing
"3 BHK Independent House for Sale in Begampur Extension, Begumpur, New Delhi","47 Lac ","4352 per sqft ",R
"7 BHK Independent House for Sale in Paschim Vihar Block B1, New Delhi","27 Cr ","33750 per sqft ",R
"6 BHK Independent House for Sale in Civil Lines, New Delhi","16 Cr ","71846 per sqft ",S
"3 BHK Independent House for Sale in Dwarka Sector 7, New Delhi","3.20 Cr ","30918 per sqft ",R
"5 BHK Independent House for Sale in Jaitpur, New Delhi","35 Lac ","7000 per sqft ",R
"2 BHK Independent House for Sale in Govindpuri Extension, Kalkaji, New Delhi","55 Lac ","6111 per sqft ",S
"3 BHK Independent House for Sale in Pahar Ganj, New Delhi","22 Lac ","2444 per sqft ",R
"3 BHK Independent House for Sale in Pitampura, New Delhi","2.85 Cr ","17593 per sqft ",R
"4 BHK Independent House for Sale in Raja Garden, New Delhi","8 Cr ","65844 per sqft ",R
"4 BHK Independent House for Sale in Pandav Nagar, New Delhi","1.25 Cr ","23148 per sqft ",R
"3 BHK Independent House for Sale in Khyala, Vishnu Garden, New Delhi","40 Lac ","5926 per sqft ",R
"5 BHK Independent House for Sale in Vasant Enclave, Vasant Vihar, New Delhi","3.60 Cr ","14229 per sqft ",R
"5 BHK Independent House for Sale in Aya Nagar Phase 1, New Delhi","2.60 Cr ","6500 per sqft ",S
"4 BHK Independent House for Sale in Vatva, Ahmedabad","90 Lac ","3356 per sqft ",U
"3 BHK Independent House for Sale in Sainik Farm, New Delhi","2 Cr ","8889 per sqft ",R
"2 BHK Independent House for Sale in Jaffarpur Kalan, New Delhi","15 Lac ","37500 per sqft ",R
"2 BHK Independent House for Sale in Uttam Nagar West, New Delhi","45 Lac ","9783 per sqft ",R
"4 BHK Independent House for Sale in Sterling City, Bopal, Ahmedabad","2.11 Cr ","10657 per sqft ",F
"4 BHK Independent House for Sale in CTM, Amraiwadi, Ahmedabad","90 Lac ","4000 per sqft ",F
"7 BHK Independent House for Sale in Jangpura, New Delhi","2.15 Cr ","9556 per sqft ",S
"3 BHK Independent House for Sale in BK Dutt Colony, New Delhi","1.05 Cr ","8750 per sqft ",S
"2 BHK Independent House for Sale in Qutub Vihar, Dwarka, New Delhi","21 Lac ","9333 per sqft ",S
"2 BHK Independent House for Sale in Bavla, Ahmedabad","1 Cr ","6536 per sqft ",R
"4 BHK Independent House for Sale in Ahmedabad","25 Lac ","17483 per sqft ",R
"6 BHK Independent House for Sale in Nizamuddin East, Nizamuddin, New Delhi","25 Cr ","99920 per sqft ",R
"3 BHK Independent House for Sale in Sunder Nagri, New Delhi","1.25 Cr ","17857 per sqft ",R
"2 BHK Independent House for Sale in Nikol, Ahmedabad","30 Lac ","2143 per sqft ",U
"2 BHK Independent House for Sale in Navrangpura, Ahmedabad","2.30 Cr ","10952 per sqft ",S
"3 BHK Independent House for Sale in Vijay Park, New Delhi","65 Lac ","17196 per sqft ",R
"3 BHK Independent House for Sale in Lajpat Nagar 1, New Delhi","1.50 Cr ","15000 per sqft ",R
"4 BHK Independent House for Sale in Jodhpur, Ahmedabad","2.70 Cr ","12987 per sqft ",F
"5 BHK Independent House for Sale in South Bopal, Bopal, Ahmedabad","3.60 Cr ","10390 per sqft ",U
"7 BHK Independent House for Sale in Tri Nagar, New Delhi","3.25 Cr ","18056 per sqft ",R
"8 BHK Independent House for Sale in Old Rajendra Nagar, Rajinder Nagar, New Delhi","7.50 Cr ","23438 per sqft ",R
"2 BHK Independent House for Sale in Vasantkunj Society, Paldi, Ahmedabad","1.50 Cr ","9049 per sqft ",R
"4 BHK Independent House for Sale in Jashoda Nagar, Ahmedabad","85 Lac ","5667 per sqft ",F
"3 BHK Independent House for Sale in Vasant Nagar, Ahmedabad","32 Lac ","711 per sqft ",R
"1 BHK Independent House for Sale in Rohini Sector 16, New Delhi","21 Lac ","5833 per sqft ",R
"2 BHK Independent House for Sale in Nihal Vihar, Nangloi, New Delhi","19 Lac ","3455 per sqft ",R
"3 BHK Independent House for Sale in Kasindra, Ahmedabad","67 Lac ","3195 per sqft ",R
"4 BHK Independent House for Sale in Isanpur, Ahmedabad","1.15 Cr ","7667 per sqft ",R
"4 BHK Independent House for Sale in Ghuma, Ahmedabad","1.70 Cr ","10552 per sqft ",S
"3 BHK Independent House for Sale in Shalimar bagh, New Delhi","15 Cr ","71429 per sqft ",R
"2 BHK Independent House for Sale in New Delhi","75 Lac ","8065 per sqft ",R
"3 BHK Independent House for Sale in Bavla, Ahmedabad","6.50 Cr ","3791 per sqft ",F
"4 BHK Independent House for Sale in Chandkheda, Ahmedabad","1 Cr ","7692 per sqft ",U
"2 BHK Independent House for Sale in Kuha, Ahmedabad","52.5 Lac ","3646 per sqft ",R
"2 BHK Independent House for Sale in Madhuvan Park Society, Ahmedabad","53 Lac ","2433 per sqft ",R
"6 BHK Independent House for Sale in Niyojan Nagar, Ambawadi, Ahmedabad","1.80 Cr ","5000 per sqft ",R
"3 BHK Independent House for Sale in Viramgam, Ahmedabad","20 Lac ","2815 per sqft ",R
"1 BHK Independent House for Sale in Nikol, Ahmedabad","30 Lac ","8333 per sqft ",S
"5 BHK Independent House for Sale in Vinzol, Ahmedabad","75 Lac ","9416 per sqft ",R
"2 BHK Independent House for Sale in Amraiwadi, Ahmedabad","85 Lac ","7556 per sqft ",R
"5 BHK Independent House for Sale in Naroda, Ahmedabad","4.50 Cr ","8606 per sqft ",U
"3 BHK Independent House for Sale in Ghuma, Ahmedabad","1.10 Cr ","6790 per sqft ",S
"5 BHK Independent House for Sale in Bhairavnath Road Pragati Society, Ahmedabad","2.60 Cr ","9142 per sqft ",R
"4 BHK Independent House for Sale in Navrangpura, Ahmedabad","4.65 Cr ","10131 per sqft ",F
"5 BHK Independent House for Sale in Ghatlodiya, Ahmedabad","1.50 Cr ","9259 per sqft ",R
"4 BHK Independent House for Sale in Jivraj Park, Ahmedabad","1.40 Cr ","6914 per sqft ",R
"4 BHK Independent House for Sale in Sangam Vihar, New Delhi","80 Lac ","80000 per sqft ",R
"4 BHK Independent House for Sale in Sukhdev Vihar, Okhla, New Delhi","16 Cr ","59259 per sqft ",R
"6 BHK Independent House for Sale in Shahdara, New Delhi","85 Lac ","3385 per sqft ",R
"8 BHK Independent House for Sale in Navjivan Vihar, Adchini, New Delhi","20 Cr ","69348 per sqft ",R
"1 BHK Independent House for Sale in Mayur Vihar 3, New Delhi","55 Lac ","11000 per sqft ",R
"> 10 BHK Independent House for Sale in Munirka, New Delhi","1.45 Cr ","4475 per sqft ",R
"3 BHK Independent House for Sale in Madanpur Khader, New Delhi","22 Lac ","3667 per sqft ",R
"10 BHK Independent House for Sale in Chanakyapuri, New Delhi","42 Cr ","28000 per sqft ",U
"4 BHK Independent House for Sale in Kotla Mubarakpur, South Extension, New Delhi","1.10 Cr ","18803 per sqft ",R
"3 BHK Independent House for Sale in New Delhi","95 Lac ","31667 per sqft ",R
"4 BHK Independent House for Sale in Shahdara, New Delhi","2 Cr ","5556 per sqft ",R
"1 BHK Independent House for Sale in Dev Nagar, Karol Bagh, New Delhi","50 Lac ","7937 per sqft ",U
"4 BHK Independent House for Sale in Priya Enclave, Anand Vihar, New Delhi","7.25 Cr ","51971 per sqft ",R
"4 BHK Independent House for Sale in Vivek Vihar Phase 1, New Delhi","9.25 Cr ","51389 per sqft ",R
"2 BHK Independent House for Sale in Pitampura, New Delhi","3.50 Cr ","46296 per sqft ",R
"5 BHK Independent House for Sale in Dera Mandi, New Delhi","42 Cr ","38182 per sqft ",F
"5 BHK Independent House for Sale in Naraina Vihar, New Delhi","13 Cr ","60185 per sqft ",R
"5 BHK Independent House for Sale in Maujpur, New Delhi","1 Cr ","5000 per sqft ",R
"3 BHK Independent House for Sale in Shalimar Bagh West, Shalimar Bagh, New Delhi","5 Cr ","22332 per sqft ",R
"5 BHK Independent House for Sale in Narain Vihar, Naraina, New Delhi","5.25 Cr ","14583 per sqft ",S
"1 BHK Independent House for Sale in Nanak Pura, Hari Nagar, New Delhi","40 Lac ","7055 per sqft ",R
"6 BHK Independent House for Sale in Uttari Pitampura, New Delhi","6.85 Cr ","50741 per sqft ",U
"2 BHK Independent House for Sale in Shastri Nagar, New Delhi","1 Cr ","11111 per sqft ",U
"2 BHK Independent House for Sale in Palam Colony, Palam, New Delhi","85 Lac ","9444 per sqft ",R
"3 BHK Independent House for Sale in Sagar Pur, New Delhi","30 Lac ","2222 per sqft ",U
"6 BHK Independent House for Sale in Poorvi Pitampura, New Delhi","4.50 Cr ","45000 per sqft ",S
"3 BHK Independent House for Sale in Chandlodia, Chanakyapuri, Ahmedabad","35 Lac ","3500 per sqft ",S
"5 BHK Independent House for Sale in Thaltej, Ahmedabad","6 Cr ","13605 per sqft ",S
"3 BHK Independent House for Sale in Palodia, Ahmedabad","2.90 Cr ","13206 per sqft ",S
"4 BHK Independent House for Sale in Hirawadi, Bapunagar, Ahmedabad","95 Lac ","3958 per sqft ",R
"4 BHK Independent House for Sale in Ghatlodiya, Ahmedabad","4 Cr ","10582 per sqft ",R
"3 BHK Independent House for Sale in Narolgam, Ahmedabad","35 Lac ","3111 per sqft ",S
"4 BHK Independent House for Sale in Sardar Patel Ring Road, Ahmedabad","6.50 Cr ","19259 per sqft ",R
"9 BHK Independent House for Sale in Nava Vadaj, Ahmedabad","85 Lac ","38462 per sqft ",R
"4 BHK Independent House for Sale in Shilaj, Ahmedabad","6 Cr ","12579 per sqft ",U
"6 BHK Independent House for Sale in Ranip, Ahmedabad","3.50 Cr ","7071 per sqft ",R
"4 BHK Independent House for Sale in New CG Road, Ahmedabad","2.15 Cr ","9556 per sqft ",S
"4 BHK Independent House for Sale in Sanathal, Ahmedabad","6.25 Cr ","11671 per sqft ",F
"2 BHK Independent House for Sale in Changodar, Ahmedabad","37 Lac ","14625 per sqft ",U
"5 BHK Independent House for Sale in Thaltej, Ahmedabad","6 Cr ","13333 per sqft ",F
"4 BHK Independent House for Sale in Sola, Ahmedabad","2 Cr ","11111 per sqft ",F
"1 BHK Independent House for Sale in Ahmedabad","70 Lac ","11111 per sqft ",U
"2 BHK Independent House for Sale in Wazirabad, New Delhi","1.20 Cr ","24000 per sqft ",S
"4 BHK Independent House for Sale in South Bopal, Bopal, Ahmedabad","2.75 Cr ","10913 per sqft ",U
"4 BHK Independent House for Sale in Science City, Ahmedabad","8 Cr ","11411 per sqft ",F
"7 BHK Independent House for Sale in Braham Puri, Sagarpur, New Delhi","90 Lac ","11765 per sqft ",S
"1 BHK Independent House for Sale in Janakpuri, New Delhi","30 Lac ","5556 per sqft ",U
"2 BHK Independent House for Sale in Vatva, Ahmedabad","75 Lac ","3268 per sqft ",R
"4 BHK Independent House for Sale in Thaltej, Ahmedabad","8 Cr ","14815 per sqft ",F
"3 BHK Independent House for Sale in Chandkheda, Ahmedabad","2 Cr ","4831 per sqft ",R
"5 BHK Independent House for Sale in Mandawali, New Delhi","50 Lac ","4444 per sqft ",U
"4 BHK Independent House for Sale in Panchsheel Enclave, New Delhi","15 Cr ","78947 per sqft ",S
"3 BHK Independent House for Sale in Jashoda Nagar, Ahmedabad","45 Lac ","5000 per sqft ",S
"3 BHK Independent House for Sale in South Bopal, Bopal, Ahmedabad","2.50 Cr ","11111 per sqft ",U
"4 BHK Independent House for Sale in Shela, Ahmedabad","8 Cr ","9877 per sqft ",U
"7 BHK Independent House for Sale in New Friends Colony, New Delhi","18 Cr ","20000 per sqft ",S
"3 BHK Independent House for Sale in Mayur Vihar, New Delhi","2.70 Cr ","20000 per sqft ",U
"2 BHK Independent House for Sale in Najafgarh, New Delhi","28 Lac ","6222 per sqft ",R
"4 BHK Independent House for Sale in Ghuma, Ahmedabad","2.25 Cr ","5952 per sqft ",U
"4 BHK Independent House for Sale in Dholka, Ahmedabad","65 Lac ","35135 per sqft ",R
"3 BHK Independent House for Sale in Vishnu Garden, New Delhi","92.2 Lac ","13659 per sqft ",R
"7 BHK Independent House for Sale in Greater Kailash Enclave 1, New Delhi","12.50 Cr ","22727 per sqft ",S
"9 BHK Independent House for Sale in Chhattarpur, New Delhi","14.50 Cr ","18590 per sqft ",S
"3 BHK Independent House for Sale in Sultanpur, New Delhi","8.50 Cr ","21250 per sqft ",F
"2 BHK Independent House for Sale in Uttam Nagar, New Delhi","35 Lac ","4861 per sqft ",S
"3 BHK Independent House for Sale in Mausam Vihar, New Delhi","2.50 Cr ","13889 per sqft ",R
"4 BHK Independent House for Sale in Sitapuri, New Delhi","1.35 Cr ","15000 per sqft ",R
"5 BHK Independent House for Sale in Isanpur, Ahmedabad","85 Lac ","5667 per sqft ",S
"3 BHK Independent House for Sale in Vastral, Ahmedabad","80 Lac ","5079 per sqft ",S
"4 BHK Independent House for Sale in Nasmed, Ahmedabad","4.30 Cr ","7454 per sqft ",U
"4 BHK Independent House for Sale in Thaltej, Ahmedabad","10 Cr ","20350 per sqft ",F
"3 BHK Independent House for Sale in Ahmedabad","75 Lac ","6667 per sqft ",U
"4 BHK Independent House for Sale in Vatva, Ahmedabad","90 Lac ","3356 per sqft ",U
"2 BHK Independent House for Sale in Jivraj Park, Ahmedabad","2.25 Cr ","11111 per sqft ",F
"4 BHK Independent House for Sale in Ahmedabad","70 Lac ","4714 per sqft ",F
"3 BHK Independent House for Sale in Hathijan, Ahmedabad","62 Lac ","3080 per sqft ",S
"5 BHK Independent House for Sale in Prahlad Nagar, Ahmedabad","9.75 Cr ","14444 per sqft ",S
"4 BHK Independent House for Sale in Nava Naroda, Ahmedabad","3 Cr ","90090 per sqft ",F
"2 BHK Independent House for Sale in Maninagar, Ahmedabad","50 Lac ","5342 per sqft ",R
"3 BHK Independent House for Sale in Chandkheda, Ahmedabad","1.20 Cr ","10256 per sqft ",R
"4 BHK Independent House for Sale in Shilaj, Ahmedabad","3.55 Cr ","16435 per sqft ",F
"3 BHK Independent House for Sale in Vastral, Ahmedabad","32 Lac ","21333 per sqft ",R
"4 BHK Independent House for Sale in New CG Road, Ahmedabad","1.75 Cr ","10234 per sqft ",S
"4 BHK Independent House for Sale in Prahlad Nagar, Ahmedabad","5 Cr ","14286 per sqft ",R
"1 BHK Independent House for Sale in Vatva, Ahmedabad","70 Lac ","3889 per sqft ",U
"4 BHK Independent House for Sale in Sterling City, Bopal, Ahmedabad","3.25 Cr ","10484 per sqft ",S
"5 BHK Independent House for Sale in Shanti Nagar, Usman Pura, Ahmedabad","2.50 Cr ","10000 per sqft ",F
"3 BHK Independent House for Sale in Maninagar, Ahmedabad","2 Cr ","10000 per sqft ",N
"3 BHK Independent House for Sale in Chandkheda, Ahmedabad","1.65 Cr ","8068 per sqft ",F
"3 BHK Independent House for Sale in Naroda, Ahmedabad","85 Lac ","6538 per sqft ",R
"3 BHK Independent House for Sale in Narolgam, Ahmedabad","25 Lac ","1471 per sqft ",U
"4 BHK Independent House for Sale in Vastral, Ahmedabad","1.10 Cr ","40741 per sqft ",N
"6 BHK Independent House for Sale in Uttam Nagar West, New Delhi","2 Cr ","7692 per sqft ",R
"4 BHK Independent House for Sale in Vivekandnagar, Ahmedabad","30 Lac ","3750 per sqft ",N
"2 BHK Independent House for Sale in Bavla, Ahmedabad","20.5 Lac ","2531 per sqft ",R
"4 BHK Independent House for Sale in Satellite, Ahmedabad","3.55 Cr ","10957 per sqft ",R
"3 BHK Independent House for Sale in Saket, New Delhi","2.50 Cr ","25000 per sqft ",R
" House for Sale in New Delhi","3.25 Cr ","6918 per sqft ",S
"2 BHK Independent House for Sale in South Extension 1, New Delhi","2.75 Cr ","22917 per sqft ",R
"5 BHK Independent House for Sale in Navjivan Vihar, Adchini, New Delhi","14.49 Cr ","64400 per sqft ",S
"5 BHK Independent House for Sale in Chandni Chowk, New Delhi","6 Cr ","37037 per sqft ",R
"3 BHK Independent House for Sale in Trilokpuri, New Delhi","50 Lac ","20000 per sqft ",S
"4 BHK Independent House for Sale in Uttam Nagar, New Delhi","55 Lac ","12222 per sqft ",U
"1 BHK Independent House for Sale in Sonia Vihar, New Delhi","19.5 Lac ","7222 per sqft ",R
"3 BHK Independent House for Sale in Naveen Shahdara, Shahdara, New Delhi","75 Lac ","13889 per sqft ",R
"4 BHK Independent House for Sale in Pitampura, New Delhi","65 Lac ","14607 per sqft ",N
"7 BHK Independent House for Sale in Chander Vihar - Mandawali, New Delhi","1.50 Cr ","150000 per sqft ",R
"5 BHK Independent House for Sale in Greater Kailash 1, New Delhi","6 Cr ","26087 per sqft ",N
"2 BHK Independent House for Sale in Kirari Suleman Nagar, New Delhi","50 Lac ","2971 per sqft ",R
"2 BHK Independent House for Sale in Nava Vadaj, Ahmedabad","40 Lac ","5714 per sqft ",S
"4 BHK Independent House for Sale in Aarohi Club Road, Ahmedabad","2.75 Cr ","6790 per sqft ",U
"5 BHK Independent House for Sale in Paldi, Ahmedabad","2.80 Cr ","10234 per sqft ",R
"4 BHK Independent House for Sale in South Bopal, Bopal, Ahmedabad","3.10 Cr ","7251 per sqft ",U
"3 BHK Independent House for Sale in Motera, Ahmedabad","2.10 Cr ","11667 per sqft ",R
"3 BHK Independent House for Sale in Science City, Ahmedabad","3.40 Cr ","13737 per sqft ",F
"4 BHK Independent House for Sale in North Bopal, Ahmedabad","75 Lac ","3704 per sqft ",R
"3 BHK Independent House for Sale in Maninagar, Ahmedabad","1.15 Cr ","5556 per sqft ",R
"4 BHK Independent House for Sale in Aarohi Club Road, Ahmedabad","1.45 Cr ","5282 per sqft ",N
"1 BHK Independent House for Sale in Vasna, Ahmedabad","25 Lac ","4085 per sqft ",U
"2 BHK Independent House for Sale in Ranip, Ahmedabad","85 Lac ","5376 per sqft ",S
"3 BHK Independent House for Sale in Navrangpura, Ahmedabad","1.30 Cr ","9760 per sqft ",R
"1 BHK Independent House for Sale in Chand Nagar, Vishnu Garden, New Delhi","65 Lac ","18056 per sqft ",R
"2 BHK Independent House for Sale in Pitampura, New Delhi","1.20 Cr ","13333 per sqft ",S
"7 BHK Independent House for Sale in Uttam Nagar, New Delhi","1.35 Cr ","7500 per sqft ",S
"2 BHK Independent House for Sale in Geeta Colony, New Delhi","32 Lac ","7111 per sqft ",R
"1 BHK Independent House for Sale in Rohini Sector 10, New Delhi","1 Cr ","33179 per sqft ",R
"4 BHK Independent House for Sale in Dwarka Sector 9, New Delhi","2.40 Cr ","15894 per sqft ",R
"4 BHK Independent House for Sale in New Delhi","9.50 Cr ","10524 per sqft ",U
"4 BHK Independent House for Sale in Karawal Nagar, New Delhi","80 Lac ","4000 per sqft ",F
"2 BHK Independent House for Sale in Mahavir Enclave, New Delhi","18 Lac ","5714 per sqft ",R
"2 BHK Independent House for Sale in Shakarpur, New Delhi","1.40 Cr ","20741 per sqft ",N
"3 BHK Independent House for Sale in Rohini Sector 16, New Delhi","70 Lac ","9972 per sqft ",R
"5 BHK Independent House for Sale in Devli Extention, Sangam Vihar, New Delhi","70 Lac ","4667 per sqft ",R
"1 BHK Independent House for Sale in West Patel Nagar, New Delhi","5 Cr ","83333 per sqft ",R
"2 BHK Independent House for Sale in New Delhi","97 Lac ","97000 per sqft ",R
"5 BHK Independent House for Sale in Chandra Nagar, Krishna Nagar, New Delhi","1.90 Cr ","7037 per sqft ",U
"3 BHK Independent House for Sale in Vishwas Nagar, New Delhi","1.35 Cr ","16304 per sqft ",R
"2 BHK Independent House for Sale in Bindapur, New Delhi","65 Lac ","22109 per sqft ",R
"5 BHK Independent House for Sale in Kalkaji, New Delhi","9.50 Cr ","52778 per sqft ",R
" House for Sale in Ashok Vihar, New Delhi","40 Cr ","68376 per sqft ",F
"2 BHK Independent House for Sale in Krishna Nagar, Saijpur Bogha, Ahmedabad","35 Lac ","3889 per sqft ",R
"5 BHK Independent House for Sale in Asmita, Thaltej, Ahmedabad","3.50 Cr ","12963 per sqft ",F
"4 BHK Independent House for Sale in Bhadaj, Ahmedabad","3.75 Cr ","13228 per sqft ",U
"3 BHK Independent House for Sale in Sanand, Ahmedabad","75 Lac ","5000 per sqft ",R
"5 BHK Independent House for Sale in Kankaria, Ahmedabad","2 Cr ","12346 per sqft ",R
"4 BHK Independent House for Sale in Manekbaug Society, Ambawadi, Ahmedabad","45 Lac ","2165 per sqft ",R
"5 BHK Independent House for Sale in GokulDham, 132 Feet Ring Road, Ahmedabad","5.75 Cr ","10305 per sqft ",U
"4 BHK Independent House for Sale in South Bopal, Bopal, Ahmedabad","3.95 Cr ","11862 per sqft ",R
"4 BHK Independent House for Sale in Sanathal, Ahmedabad","6.25 Cr ","15432 per sqft ",S
"4 BHK Independent House for Sale in Shantipura Circle, Ahmedabad","2.35 Cr ","5934 per sqft ",U
"5 BHK Independent House for Sale in Nasmed, Ahmedabad","6.26 Cr ","11422 per sqft ",U
"2 BHK Independent House for Sale in Kalupur, Ahmedabad","50 Lac ","5787 per sqft ",U
"4 BHK Independent House for Sale in Science City, Ahmedabad","3.50 Cr ","12346 per sqft ",U
"1 BHK Independent House for Sale in Saroda, Ahmedabad","1.02 Cr ","9140 per sqft ",N
"3 BHK Independent House for Sale in Vastral, Ahmedabad","1.15 Cr ","9623 per sqft ",U
"2 BHK Independent House for Sale in Ranip, Ahmedabad","46 Lac ","5750 per sqft ",R
"4 BHK Independent House for Sale in Ghatlodiya, Ahmedabad","2.75 Cr ","12731 per sqft ",R
"3 BHK Independent House for Sale in Vastral, Ahmedabad","1.51 Cr ","9856 per sqft ",R
"1 BHK Independent House for Sale in Maninagar, Ahmedabad","85 Lac ","6800 per sqft ",R
"2 BHK Independent House for Sale in Bavla, Ahmedabad","80 Lac ","5556 per sqft ",R
"4 BHK Independent House for Sale in Sterling City, Bopal, Ahmedabad","2.11 Cr ","10657 per sqft ",F
"6 BHK Independent House for Sale in Shahibuag, Ahmedabad","5.25 Cr ","11667 per sqft ",F
"3 BHK Independent House for Sale in Jodhpur Cross Road, Ahmedabad","70 Lac ","5833 per sqft ",R
"4 BHK Independent House for Sale in North Bopal Road, Ahmedabad","1.20 Cr ","4040 per sqft ",N
"2 BHK Independent House for Sale in India Colony, Bapunagar, Ahmedabad","40 Lac ","6061 per sqft ",R
"5 BHK Independent House for Sale in Shahibuag, Ahmedabad","5 Cr ","17241 per sqft ",F
"7 BHK Independent House for Sale in Jyoti Nagar West, New Delhi","2.80 Cr ","31111 per sqft ",R
"4 BHK Independent House for Sale in Rohini Sector 16, New Delhi","1.30 Cr ","25160 per sqft ",R
"3 BHK Independent House for Sale in Himigiri Enclave, Mukundpur, New Delhi","60 Lac ","60000 per sqft ",R
"2 BHK Independent House for Sale in Shyam Vihar 1, Najafgarh, New Delhi","80 Lac ","5926 per sqft ",S
"4 BHK Independent House for Sale in Rohini Sector 16, New Delhi","1.30 Cr ","25160 per sqft ",R
"3 BHK Independent House for Sale in Yamuna Vihar, New Delhi","2.50 Cr ","12500 per sqft ",S
"6 BHK Independent House for Sale in Vasant Kunj, New Delhi","10 Cr ","28571 per sqft ",S
"6 BHK Independent House for Sale in Gokalpuri, New Delhi","80 Lac ","5000 per sqft ",R
"6 BHK Independent House for Sale in Greater Kailash 2, New Delhi","22 Cr ","61111 per sqft ",N
"5 BHK Independent House for Sale in Greater Kailash 1, New Delhi","23 Cr ","71875 per sqft ",R
"2 BHK Independent House for Sale in Tri Nagar, New Delhi","1.35 Cr ","21429 per sqft ",R
"4 BHK Independent House for Sale in Duggal Colony, New Delhi","3.50 Cr ","25926 per sqft ",R
"> 10 BHK Independent House for Sale in Rohini Sector 21, New Delhi","5.50 Cr ","14278 per sqft ",S
"4 BHK Independent House for Sale in Greater Kailash 2, New Delhi","58 Cr ","96667 per sqft ",S
"3 BHK Independent House for Sale in Khanpur, Madangir, New Delhi","40 Lac ","4233 per sqft ",S
"5 BHK Independent House for Sale in Jasola Vihar, New Delhi","10.25 Cr ","33497 per sqft ",N
"2 BHK Independent House for Sale in Baba Colony, Burari, New Delhi","65 Lac ","14444 per sqft ",R
"5 BHK Independent House for Sale in Vasant Vihar, New Delhi","35 Cr ","93708 per sqft ",U
"2 BHK Independent House for Sale in Rohini Sector 3, New Delhi","50 Lac ","96154 per sqft ",R
"5 BHK Independent House for Sale in Najafgarh, New Delhi","75 Lac ","7576 per sqft ",R
"2 BHK Independent House for Sale in Rohini Sector 16, New Delhi","65 Lac ","7747 per sqft ",S
"3 BHK Independent House for Sale in Rajouri Garden, New Delhi","4.50 Cr ","50000 per sqft ",R
"1 BHK Independent House for Sale in Shiv Vihar, Karawal Nagar, New Delhi","34 Lac ","7556 per sqft ",R
"2 BHK Independent House for Sale in Vikaspuri, New Delhi","27 Lac ","6000 per sqft ",R
"5 BHK Independent House for Sale in Sukhdev Vihar, Okhla, New Delhi","16 Cr ","37665 per sqft ",R
"4 BHK Independent House for Sale in Pitampura, New Delhi","8 Cr ","59259 per sqft ",R
"7 BHK Independent House for Sale in Kartar Nagar, New Delhi","90 Lac ","3571 per sqft ",U
"4 BHK Independent House for Sale in Ghuma, Ahmedabad","1.15 Cr ","3872 per sqft ",N
"1 BHK Independent House for Sale in Virat Nagar, Odhav, Ahmedabad","45 Lac ","5000 per sqft ",S
"1 BHK Independent House for Sale in Sardar Patel Ring Road, Ahmedabad","31 Lac ","6889 per sqft ",U
"2 BHK Independent House for Sale in Ahmedabad","20 Lac ","2268 per sqft ",R
"6 BHK Independent House for Sale in Memnagar, Ahmedabad","5.75 Cr ","26620 per sqft ",R
"2 BHK Independent House for Sale in Vastral, Ahmedabad","70 Lac ","23333 per sqft ",S
"5 BHK Independent House for Sale in Hanspura, Naroda, Ahmedabad","1.25 Cr ","5447 per sqft ",F
"5 BHK Independent House for Sale in Kasindra, Ahmedabad","1.35 Cr ","3989 per sqft ",E
"4 BHK Independent House for Sale in New CG Road, Ahmedabad","1.80 Cr ","13245 per sqft ",U
"4 BHK Independent House for Sale in Navrangpura, Ahmedabad","4.90 Cr ","13611 per sqft ",R
"3 BHK Independent House for Sale in Ranip, Ahmedabad","1.15 Cr ","10648 per sqft ",R
"5 BHK Independent House for Sale in Motera, Ahmedabad","2.40 Cr ","11852 per sqft ",F
"2 BHK Independent House for Sale in Ghodasar, Ahmedabad","65 Lac ","10000 per sqft ",U
"4 BHK Independent House for Sale in Sardar Patel Ring Road, Ahmedabad","7.21 Cr ","9104 per sqft ",U
"2 BHK Independent House for Sale in Vejalpur, Jivraj park, Ahmedabad","70 Lac ","58333 per sqft ",S
"4 BHK Independent House for Sale in Dholka, Ahmedabad","40 Lac ","2402 per sqft ",R
"4 BHK Independent House for Sale in Nava Naroda, Ahmedabad","1.75 Cr ","11785 per sqft ",F
"3 BHK Independent House for Sale in Ranip, Ahmedabad","1.85 Cr ","5873 per sqft ",F
"4 BHK Independent House for Sale in Thaltej, Ahmedabad","7.25 Cr ","17901 per sqft ",F
"5 BHK Independent House for Sale in Sterling City, Bopal, Ahmedabad","2.35 Cr ","6144 per sqft ",F
"5 BHK Independent House for Sale in Dariyapur, Ahmedabad","30 Lac ","952 per sqft ",U
"5 BHK Independent House for Sale in Sanathal, Ahmedabad","12 Cr ","16667 per sqft ",F
"4 BHK Independent House for Sale in CTM, Amraiwadi, Ahmedabad","90 Lac ","4000 per sqft ",F
"1 BHK Independent House for Sale in Jay Ambe Nagar, Ahmedabad","20 Lac ","6667 per sqft ",1
"3 BHK Independent House for Sale in Yamuna Vihar, New Delhi","2 Cr ","9524 per sqft ",R
"3 BHK Independent House for Sale in Rabari Colony, Amraiwadi, Ahmedabad","53 Lac ","4417 per sqft ",S
"3 BHK Independent House for Sale in Bopal, Ahmedabad","1.45 Cr ","8709 per sqft ",N
"5 BHK Independent House for Sale in Maninagar West, Ahmedabad","4.90 Cr ","13611 per sqft ",R
"4 BHK Independent House for Sale in Satellite, Ahmedabad","6.75 Cr ","10000 per sqft ",U
"5 BHK Independent House for Sale in Sanathal, Ahmedabad","12.50 Cr ","17361 per sqft ",U
"3 BHK Independent House for Sale in Gurukul, Ahmedabad","2.25 Cr ","25803 per sqft ",U
"2 BHK Independent House for Sale in Rancharda, Ahmedabad","2.96 Cr ","4111 per sqft ",U
"4 BHK Independent House for Sale in South Bopal, Bopal, Ahmedabad","3.90 Cr ","11743 per sqft ",F
"4 BHK Independent House for Sale in Vasant Vihar 2, Naroda, Ahmedabad","1.40 Cr ","8750 per sqft ",R
"4 BHK Independent House for Sale in Aarohi Club Road, Ahmedabad","2.21 Cr ","6139 per sqft ",U
"2 BHK Independent House for Sale in Naroda, Ahmedabad","50 Lac ","8333 per sqft ",R
"4 BHK Independent House for Sale in Kankaria, Ahmedabad","2.50 Cr ","9615 per sqft ",N
"4 BHK Independent House for Sale in Memnagar, Ahmedabad","5.75 Cr ","26620 per sqft ",F
"2 BHK Independent House for Sale in Ghatlodia, Ahmedabad","3.40 Cr ","9942 per sqft ",R
"2 BHK Independent House for Sale in Ahmedabad","38 Lac ","5429 per sqft ",R
"4 BHK Independent House for Sale in Shela, Ahmedabad","6 Cr ","14981 per sqft ",F
"5 BHK Independent House for Sale in Ahmedabad","2.50 Cr ","7812 per sqft ",R
"2 BHK Independent House for Sale in Ghodasar, Ahmedabad","58 Lac ","9206 per sqft ",R
"3 BHK Independent House for Sale in Hathijan, Ahmedabad","61.5 Lac ","27333 per sqft ",S
"3 BHK Independent House for Sale in Bopal, Ahmedabad","1 Cr ","9183 per sqft ",R
"1 BHK Independent House for Sale in Jethalaj, Ahmedabad","1.24 Cr ","13376 per sqft ",U
"1 BHK Independent House for Sale in Vasna, Ahmedabad","65 Lac ","10317 per sqft ",U
"3 BHK Independent House for Sale in Changodar, Ahmedabad","36 Lac ","1515 per sqft ",R
"4 BHK Independent House for Sale in New CG Road, Ahmedabad","2.50 Cr ","11111 per sqft ",S
"2 BHK Independent House for Sale in Paras Nagar-Isanpur, Ahmedabad","75 Lac ","8772 per sqft ",N
"4 BHK Independent House for Sale in Ghodasar, Ahmedabad","1.80 Cr ","11111 per sqft ",R
"3 BHK Independent House for Sale in Maninagar, Ahmedabad","1.50 Cr ","9259 per sqft ",S
"5 BHK Independent House for Sale in Shela, Ahmedabad","7.65 Cr ","10559 per sqft ",U
"5 BHK Independent House for Sale in Shela, Ahmedabad","8.65 Cr ","11939 per sqft ",U
"5 BHK Independent House for Sale in Shela, Ahmedabad","5.30 Cr ","10707 per sqft ",U
"2 BHK Independent House for Sale in Sarangpur, Ahmedabad","20 Lac ","5556 per sqft ",R
"4 BHK Independent House for Sale in Bopal, Ahmedabad","1.91 Cr ","6063 per sqft ",S
"2 BHK Independent House for Sale in Fatehwadi, Juhapura, Ahmedabad","22 Lac ","22000 per sqft ",N
"3 BHK Independent House for Sale in Thaltej, Ahmedabad","4.10 Cr ","13805 per sqft ",U
"4 BHK Independent House for Sale in Aarohi Club Road, Ahmedabad","2.21 Cr ","6139 per sqft ",U
"4 BHK Independent House for Sale in Sardar Patel Ring Road, Ahmedabad","3.60 Cr ","8850 per sqft ",F
"4 BHK Independent House for Sale in Satellite, Ahmedabad","3.25 Cr ","11285 per sqft ",F
"3 BHK Independent House for Sale in Mahadev Nagar, Ahmedabad","89 Lac ","6593 per sqft ",R
"3 BHK Independent House for Sale in Chandkheda, Ahmedabad","1.10 Cr ","7299 per sqft ",R
"4 BHK Independent House for Sale in Bodakdev, Ahmedabad","1.35 Cr ","6818 per sqft ",R
"4 BHK Independent House for Sale in GokulDham, 132 Feet Ring Road, Ahmedabad","4.80 Cr ","11696 per sqft ",U
"6 BHK Independent House for Sale in Ambli, Ahmedabad","5 Cr ","9259 per sqft ",S
"5 BHK Independent House for Sale in Maninagar, Ahmedabad","1.50 Cr ","11338 per sqft ",N
"3 BHK Independent House for Sale in Chandkheda, Ahmedabad","45 Lac ","40909 per sqft ",U
"2 BHK Independent House for Sale in Dariyapur, Ahmedabad","22 Lac ","26829 per sqft ",S
"3 BHK Independent House for Sale in Aarohi Club Road, Ahmedabad","95 Lac ","5556 per sqft ",U
"4 BHK Independent House for Sale in Bhadaj, Ahmedabad","4 Cr ","9070 per sqft ",S
"3 BHK Independent House for Sale in Bhadaj, Ahmedabad","2.60 Cr ","14444 per sqft ",S
"2 BHK Independent House for Sale in Vastral, Ahmedabad","75 Lac ","5556 per sqft ",R
"4 BHK Independent House for Sale in Ghuma, Ahmedabad","7 Cr ","11272 per sqft ",F
"1 BHK Independent House for Sale in Moraiya, Ahmedabad","35 Lac ","2274 per sqft ",R
"3 BHK Independent House for Sale in Bopal, Ahmedabad","1.28 Cr ","7314 per sqft ",U
"5 BHK Independent House for Sale in Sanathal, Ahmedabad","7.50 Cr ","11905 per sqft ",R
"5 BHK Independent House for Sale in Chandkheda, Ahmedabad","68 Lac ","4533 per sqft ",R
"6 BHK Independent House for Sale in Iscon Ambli Road, Ahmedabad","5 Cr ","9269 per sqft ",S
"5 BHK Independent House for Sale in Naranpura, Ahmedabad","4.50 Cr ","11062 per sqft ",R
"4 BHK Independent House for Sale in Shela, Ahmedabad","3.60 Cr ","8830 per sqft ",R
"3 BHK Independent House for Sale in Ahmedabad","72 Lac ","7579 per sqft ",R
"4 BHK Independent House for Sale in Ghodasar, Ahmedabad","65 Lac ","3250 per sqft ",F
"3 BHK Independent House for Sale in Maninagar, Ahmedabad","46 Lac ","4182 per sqft ",F
"3 BHK Independent House for Sale in North Bopal Road, Ahmedabad","1.80 Cr ","8000 per sqft ",R
"3 BHK Independent House for Sale in Jodhpur Cross Road, Ahmedabad","3 Cr ","13333 per sqft ",U
"3 BHK Independent House for Sale in Sardar Patel Ring Road, Ahmedabad","4.75 Cr ","7937 per sqft ",S
"3 BHK Independent House for Sale in Vijay Nagar, Ranip, Ahmedabad","80 Lac ","8889 per sqft ",R
"4 BHK Independent House for Sale in Nava Naroda, Ahmedabad","1.40 Cr ","7071 per sqft ",F
"1 BHK Independent House for Sale in Isanpur, Ahmedabad","33 Lac ","73333 per sqft ",F
"3 BHK Independent House for Sale in Aarohi Club Road, Ahmedabad","1.75 Cr ","7595 per sqft ",F
"4 BHK Independent House for Sale in Ambawadi, Ahmedabad","5.17 Cr ","12778 per sqft ",F
"3 BHK Independent House for Sale in Science City, Ahmedabad","3.85 Cr ","15556 per sqft ",R
"1 BHK Independent House for Sale in Kalupur, Ahmedabad","70 Lac ","17500 per sqft ",R
"8 BHK Independent House for Sale in Gomtipur, Ahmedabad","30 Lac ","2212 per sqft ",R
"4 BHK Independent House for Sale in Sola, Ahmedabad","2 Cr ","11338 per sqft ",S
"4 BHK Independent House for Sale in Science City Road, Ahmedabad","2.40 Cr ","11594 per sqft ",R
"3 BHK Independent House for Sale in Ghatlodiya, Ahmedabad","1.20 Cr ","13333 per sqft ",S
"4 BHK Independent House for Sale in Thaltej, Ahmedabad","4.50 Cr ","6944 per sqft ",N
"2 BHK Independent House for Sale in Ghatlodia, Ahmedabad","1.50 Cr ","7974 per sqft ",R
"4 BHK Independent House for Sale in South Bopal, Bopal, Ahmedabad","4.25 Cr ","9677 per sqft ",S
"4 BHK Independent House for Sale in Bopal, Ahmedabad","1.55 Cr ","9568 per sqft ",U
"2 BHK Independent House for Sale in Raipur, Khadia, Ahmedabad","40 Lac ","4040 per sqft ",S
"4 BHK Independent House for Sale in Vastrapur, Ahmedabad","3.25 Cr ","9028 per sqft ",F
"4 BHK Independent House for Sale in Prahlad Nagar, Ahmedabad","3 Cr ","15873 per sqft ",F
"4 BHK Independent House for Sale in Lambha, Ahmedabad","1.55 Cr ","8554 per sqft ",F
"5 BHK Independent House for Sale in Vejalpur, Jivraj park, Ahmedabad","3 Cr ","6667 per sqft ",U
"3 BHK Independent House for Sale in Bodakdev, Ahmedabad","90 Lac ","10490 per sqft ",R
"3 BHK Independent House for Sale in Rakhial, Ahmedabad","60 Lac ","3659 per sqft ",R
"4 BHK Independent House for Sale in Vaishnodevi Cir, Ahmedabad","9.50 Cr ","17593 per sqft ",U
"4 BHK Independent House for Sale in Shela, Ahmedabad","6 Cr ","65217 per sqft ",U
"4 BHK Independent House for Sale in Paras Nagar-Isanpur, Ahmedabad","63 Lac ","8056 per sqft ",R
"2 BHK Independent House for Sale in Khodiyar Nagar, Behrampura, Ahmedabad","41 Lac ","4100 per sqft ",R
"4 BHK Independent House for Sale in Motera, Ahmedabad","2.25 Cr ","7143 per sqft ",F
"3 BHK Independent House for Sale in Gurukul, Ahmedabad","1.90 Cr ","11111 per sqft ",R
"4 BHK Independent House for Sale in Sanathal, Ahmedabad","6.11 Cr ","15607 per sqft ",U
"8 BHK Independent House for Sale in Virat Nagar, Odhav, Ahmedabad","90 Lac ","4000 per sqft ",S
"3 BHK Independent House for Sale in Vastral, Ahmedabad","1.50 Cr ","7752 per sqft ",F
"4 BHK Independent House for Sale in Satellite, Ahmedabad","3.20 Cr ","17778 per sqft ",R
"2 BHK Independent House for Sale in Nikol Naroda Road, Ahmedabad","70 Lac ","2692 per sqft ",R
"3 BHK Independent House for Sale in Maninagar East, Maninagar, Ahmedabad","30 Lac ","5556 per sqft ",U
"2 BHK Independent House for Sale in Bapunagar, Ahmedabad","31 Lac ","2870 per sqft ",U
"3 BHK Independent House for Sale in Nana Chiloda, Ahmedabad","80 Lac ","8155 per sqft ",R
"2 BHK Independent House for Sale in Ghodasar, Ahmedabad","1.35 Cr ","9643 per sqft ",S
"5 BHK Independent House for Sale in Isanpur, Ahmedabad","2.50 Cr ","7143 per sqft ",R
"5 BHK Independent House for Sale in Isanpur, Ahmedabad","90 Lac ","4444 per sqft ",R
"2 BHK Independent House for Sale in New Maninagar, Ahmedabad","55 Lac ","10000 per sqft ",R
"3 BHK Independent House for Sale in Thaltej, Ahmedabad","2.65 Cr ","11325 per sqft ",R
"3 BHK Independent House for Sale in Shela, Ahmedabad","2.31 Cr ","12222 per sqft ",R
"4 BHK Independent House for Sale in South Bopal, Bopal, Ahmedabad","1.35 Cr ","5000 per sqft ",S
"4 BHK Independent House for Sale in Vaishnodevi Cir, Ahmedabad","12 Cr ","17613 per sqft ",F
"4 BHK Independent House for Sale in Sola Over-Bridge, Thaltej, Ahmedabad","2.60 Cr ","11556 per sqft ",F
"4 BHK Independent House for Sale in Science City, Ahmedabad","4 Cr ","14383 per sqft ",F
"1 BHK Independent House for Sale in Sarkhej Gam, Ahmedabad","30 Lac ","441 per sqft ",R
"2 BHK Independent House for Sale in Ghodasar, Ahmedabad","20 Lac ","2614 per sqft ",R
"2 BHK Independent House for Sale in Rabari Colony, Amraiwadi, Ahmedabad","32 Lac ","3200 per sqft ",R
"4 BHK Independent House for Sale in Sanand, Ahmedabad","4.25 Cr ","30357 per sqft ",U
"4 BHK Independent House for Sale in Navrangpura, Ahmedabad","2.85 Cr ","12667 per sqft ",R
"6 BHK Independent House for Sale in Ahmedabad","75 Lac ","8333 per sqft ",R
"2 BHK Independent House for Sale in Rabari Colony, Amraiwadi, Ahmedabad","38 Lac ","3800 per sqft ",R
"5 BHK Independent House for Sale in Nava Naroda, Ahmedabad","95 Lac ","8120 per sqft ",F
"2 BHK Independent House for Sale in Ghatlodiya, Ahmedabad","90 Lac ","6897 per sqft ",R
"3 BHK Independent House for Sale in Dariyapur, Ahmedabad","30 Lac ","3333 per sqft ",R
"5 BHK Independent House for Sale in Hanspura, Naroda, Ahmedabad","65 Lac ","2600 per sqft ",R
"3 BHK Independent House for Sale in Science City, Ahmedabad","3 Cr ","13889 per sqft ",S
"4 BHK Independent House for Sale in Thaltej, Ahmedabad","5.50 Cr ","15164 per sqft ",R
"2 BHK Independent House for Sale in Ahmedabad","40 Lac ","3200 per sqft ",R
"5 BHK Independent House for Sale in New Ranip, Ahmedabad","90 Lac ","9091 per sqft ",2
"2 BHK Independent House for Sale in Dholka, Ahmedabad","60 Lac ","6383 per sqft ",U
"2 BHK Independent House for Sale in Hirawadi, Bapunagar, Ahmedabad","25 Lac ","4167 per sqft ",U
"1 BHK Independent House for Sale in Narolgam, Ahmedabad","4 Lac ","593 per sqft ",R
"4 BHK Independent House for Sale in Ahmedabad","2.65 Cr ","9654 per sqft ",R
"2 BHK Independent House for Sale in Nirnay Nagar, Ahmedabad","45 Lac ","3750 per sqft ",2
"4 BHK Independent House for Sale in Ghodasar, Ahmedabad","3.31 Cr ","6620 per sqft ",R
"2 BHK Independent House for Sale in Satellite, Ahmedabad","51 Lac ","6108 per sqft ",R
"4 BHK Independent House for Sale in Iscon Ambli Road, Ahmedabad","8.60 Cr ","25481 per sqft ",F
"1 BHK Independent House for Sale in Mitramandal Colony, Thakkarbapu Nagar, Ahmedabad","50 Lac ","23810 per sqft ",R
"4 BHK Independent House for Sale in Kolat, Ahmedabad","3.25 Cr ","4233 per sqft ",U
"4 BHK Independent House for Sale in Science City, Ahmedabad","2.70 Cr ","9133 per sqft ",U
"1 BHK Independent House for Sale in Ahmedabad","60 Lac ","100000 per sqft ",R
"4 BHK Independent House for Sale in PRL Colony, Thaltej, Ahmedabad","4.25 Cr ","13492 per sqft ",S
"3 BHK Independent House for Sale in Vastral, Ahmedabad","30 Lac ","2500 per sqft ",R
"4 BHK Independent House for Sale in Ahmedabad","90 Lac ","5291 per sqft ",R
"4 BHK Independent House for Sale in Ghodasar, Ahmedabad","72 Lac ","3789 per sqft ",R
"4 BHK Independent House for Sale in Bhadaj, Ahmedabad","4.50 Cr ","13433 per sqft ",U
"4 BHK Independent House for Sale in Bopal, Ahmedabad","3.49 Cr ","8617 per sqft ",U
"3 BHK Independent House for Sale in Paldi, Ahmedabad","3.50 Cr ","17677 per sqft ",U
"3 BHK Independent House for Sale in Odhav, Ahmedabad","74.9 Lac ","1546 per sqft ",R
"1 BHK Independent House for Sale in Amraiwadi, Ahmedabad","32 Lac ","3765 per sqft ",R
"4 BHK Independent House for Sale in Aarohi Club Road, Ahmedabad","3.15 Cr ","9777 per sqft ",U
"5 BHK Independent House for Sale in GIDC Naroda, Ahmedabad","1.10 Cr ","5914 per sqft ",R
"2 BHK Independent House for Sale in India Colony, Bapunagar, Ahmedabad","60 Lac ","6881 per sqft ",R
"4 BHK Independent House for Sale in Bhadaj, Ahmedabad","7 Cr ","13462 per sqft ",F
"4 BHK Independent House for Sale in Vastral, Ahmedabad","1.07 Cr ","9145 per sqft ",S
"5 BHK Independent House for Sale in Kanbha, Ahmedabad","38 Lac ","2235 per sqft ",R
"3 BHK Independent House for Sale in Bodakdev, Ahmedabad","1.65 Cr ","6091 per sqft ",R
"5 BHK Independent House for Sale in Vijay Char Rasta, Naranpura, Ahmedabad","2.75 Cr ","137500 per sqft ",S
"5 BHK Independent House for Sale in Chandkheda, Ahmedabad","1.60 Cr ","6512 per sqft ",R
"4 BHK Independent House for Sale in Ahmedabad","88 Lac ","6286 per sqft ",R
"4 BHK Independent House for Sale in Paldi, Ahmedabad","1.25 Cr ","5144 per sqft ",U
"2 BHK Independent House for Sale in Ranip, Ahmedabad","36 Lac ","2571 per sqft ",U
" House for Sale in Sarkhej Gandhinagar Highway, Ahmedabad","1.3 Lac ","0 per sqft ",F
"4 BHK Independent House for Sale in Naroda, Ahmedabad","1.30 Cr ","8667 per sqft ",U
"4 BHK Independent House for Sale in Thaltej, Ahmedabad","2.75 Cr ","9985 per sqft ",U
"3 BHK Independent House for Sale in Vasant Vihar 2, Naroda, Ahmedabad","3 Cr ","9804 per sqft ",U
"4 BHK Independent House for Sale in Thaltej, Ahmedabad","4 Cr ","14815 per sqft ",F
"4 BHK Independent House for Sale in Ghuma, Ahmedabad","1.25 Cr ","4209 per sqft ",N
"4 BHK Independent House for Sale in Ahmedabad","25 Lac ","17483 per sqft ",R
"4 BHK Independent House for Sale in Sindhu Bhavan Marg, Ahmedabad","27 Cr ","175097 per sqft ",F
"3 BHK Independent House for Sale in CTM, Amraiwadi, Ahmedabad","92 Lac ","7572 per sqft ",R
"1 BHK Independent House for Sale in Changodar, Ahmedabad","16 Lac ","1778 per sqft ",N
"2 BHK Independent House for Sale in Kuha, Ahmedabad","40 Lac ","6250 per sqft ",U
"3 BHK Independent House for Sale in Gulbai Tekra, Ahmedabad","2.90 Cr ","86567 per sqft ",R
"3 BHK Independent House for Sale in Sanand, Ahmedabad","2.75 Cr ","8488 per sqft ",U
"4 BHK Independent House for Sale in Kuber Nagar, Ahmedabad","50 Lac ","3333 per sqft ",N
"4 BHK Independent House for Sale in Shilaj, Ahmedabad","8.63 Cr ","11111 per sqft ",S
"3 BHK Independent House for Sale in Shela, Ahmedabad","2.30 Cr ","11886 per sqft ",U
"2 BHK Independent House for Sale in Hatkeshwar, Ahmedabad","50 Lac ","15873 per sqft ",2
"3 BHK Independent House for Sale in Odhav, Ahmedabad","45 Lac ","2083 per sqft ",F
" Villa for Sale in Shahibuag, Ahmedabad","3.51 Cr ","6500 per sqft ",U
"3 BHK Independent House for Sale in Bapunagar, Ahmedabad","62 Lac ","6263 per sqft ",S
"3 BHK Independent House for Sale in New Maninagar, Ahmedabad","70 Lac ","6087 per sqft ",U
"4 BHK Independent House for Sale in Iscon Ambli Road, Ahmedabad","8 Cr ","22222 per sqft ",F
"3 BHK Independent House for Sale in Ghuma, Ahmedabad","1.75 Cr ","8239 per sqft ",R
"4 BHK Independent House for Sale in Satellite Road, Ahmedabad","3.75 Cr ","11111 per sqft ",S
"2 BHK Independent House for Sale in Chandlodia, Chanakyapuri, Ahmedabad","70 Lac ","3889 per sqft ",F
"4 BHK Independent House for Sale in Paldi, Ahmedabad","2.40 Cr ","8889 per sqft ",R
"3 BHK Independent House for Sale in Sterling City, Bopal, Ahmedabad","3.25 Cr ","9028 per sqft ",S
"3 BHK Independent House for Sale in Science City, Ahmedabad","3.85 Cr ","12885 per sqft ",R
"3 BHK Independent House for Sale in Bodakdev, Ahmedabad","5.11 Cr ","15772 per sqft ",S
"1 BHK Independent House for Sale in Chandranagar, Paldi, Ahmedabad","2.10 Cr ","11438 per sqft ",R
"5 BHK Independent House for Sale in Chandkheda, Ahmedabad","2.80 Cr ","7778 per sqft ",U
"3 BHK Independent House for Sale in Thaltej, Ahmedabad","1.25 Cr ","10288 per sqft ",R
"4 BHK Independent House for Sale in Ahmedabad","2.51 Cr ","12395 per sqft ",S
"4 BHK Independent House for Sale in Narolgam, Ahmedabad","75 Lac ","6410 per sqft ",R
"3 BHK Independent House for Sale in Chandlodia, Chanakyapuri, Ahmedabad","1.20 Cr ","8081 per sqft ",R
"3 BHK Independent House for Sale in Ahmedabad","1.45 Cr ","5335 per sqft ",S
"3 BHK Independent House for Sale in Ghuma, Ahmedabad","2.50 Cr ","11820 per sqft ",U
"5 BHK Independent House for Sale in Hathijan, Ahmedabad","3 Cr ","8333 per sqft ",R
"3 BHK Independent House for Sale in Gurukul, Ahmedabad","1.70 Cr ","18889 per sqft ",S
"4 BHK Independent House for Sale in Ranna Park, Nirnay Nagar, Ahmedabad","2.60 Cr ","11285 per sqft ",S
"3 BHK Independent House for Sale in Sanand, Ahmedabad","2.15 Cr ","1991 per sqft ",U
"4 BHK Independent House for Sale in Aarohi Club Road, Ahmedabad","1.75 Cr ","6481 per sqft ",U
"3 BHK Independent House for Sale in Science City, Ahmedabad","2.55 Cr ","11333 per sqft ",R
"3 BHK Independent House for Sale in Chiloda, Ahmedabad","75 Lac ","4386 per sqft ",U
"4 BHK Independent House for Sale in Bhadaj, Ahmedabad","5 Cr ","102041 per sqft ",U
"5 BHK Independent House for Sale in Ghodasar, Ahmedabad","60 Lac ","6000 per sqft ",R
"1 BHK Independent House for Sale in Kalikund, Ahmedabad","21 Lac ","2431 per sqft ",R
"4 BHK Independent House for Sale in Shela, Ahmedabad","2.51 Cr ","8325 per sqft ",S
"4 BHK Independent House for Sale in Ahmedabad","1.20 Cr ","9600 per sqft ",R
"4 BHK Independent House for Sale in Nana Chiloda, Ahmedabad","1.25 Cr ","4209 per sqft ",R
"4 BHK Independent House for Sale in Nasmed, Ahmedabad","4.90 Cr ","6797 per sqft ",U
"4 BHK Independent House for Sale in Bhadaj, Ahmedabad","3 Cr ","15152 per sqft ",U
"3 BHK Independent House for Sale in Bapunagar, Ahmedabad","32 Lac ","2000 per sqft ",S
"4 BHK Independent House for Sale in GokulDham, 132 Feet Ring Road, Ahmedabad","9.51 Cr ","6179 per sqft ",U
"3 BHK Independent House for Sale in Vastral, Ahmedabad","37 Lac ","7115 per sqft ",F
"3 BHK Independent House for Sale in SG Highway, Ahmedabad","3 Cr ","14749 per sqft ",U
"3 BHK Independent House for Sale in Sola Road, Ahmedabad","1.95 Cr ","9220 per sqft ",R
"3 BHK Independent House for Sale in Vatva, Ahmedabad","58 Lac ","5800 per sqft ",R
"4 BHK Independent House for Sale in Science City, Ahmedabad","3.75 Cr ","14518 per sqft ",R
"3 BHK Independent House for Sale in Isanpur, Ahmedabad","60 Lac ","5848 per sqft ",R
"1 BHK Independent House for Sale in Saraspur, Ahmedabad","35 Lac ","5691 per sqft ",R
"5 BHK Independent House for Sale in Sabarmati, Ahmedabad","2 Cr ","10000 per sqft ",N
"4 BHK Independent House for Sale in Science City Road, Ahmedabad","2.40 Cr ","15686 per sqft ",F
"3 BHK Independent House for Sale in Thaltej, Ahmedabad","3.65 Cr ","8111 per sqft ",S
"8 BHK Independent House for Sale in Ambawadi, Ahmedabad","6 Cr ","9524 per sqft ",S
"2 BHK Independent House for Sale in Ahmedabad","70 Lac ","5833 per sqft ",R
"2 BHK Independent House for Sale in Chandkheda, Ahmedabad","42 Lac ","6000 per sqft ",U
"4 BHK Independent House for Sale in Bopal, Ahmedabad","15 Cr ","27778 per sqft ",R
"5 BHK Independent House for Sale in Ahmedabad","6 Cr ","7843 per sqft ",U
"5 BHK Independent House for Sale in Bapunagar, Ahmedabad","1.50 Cr ","75000 per sqft ",R
"4 BHK Independent House for Sale in Vastrapur, Ahmedabad","3.25 Cr ","13131 per sqft ",F
"4 BHK Independent House for Sale in Ahmedabad","2 Cr ","11111 per sqft ",R
"3 BHK Independent House for Sale in Rabari Colony, Amraiwadi, Ahmedabad","85 Lac ","18478 per sqft ",S
"3 BHK Independent House for Sale in Naranpura, Ahmedabad","2.50 Cr ","18519 per sqft ",F
"1 BHK Independent House for Sale in Chandlodia, Chanakyapuri, Ahmedabad","60 Lac ","6000 per sqft ",R
"4 BHK Independent House for Sale in Maninagar, Ahmedabad","80 Lac ","33333 per sqft ",R
"4 BHK Independent House for Sale in Motera, Ahmedabad","2.75 Cr ","13764 per sqft ",S
"3 BHK Independent House for Sale in Satellite Road, Ahmedabad","6 Cr ","19048 per sqft ",R
"1 BHK Independent House for Sale in Ahmedabad","12 Lac ","1714 per sqft ",U
"1 BHK Independent House for Sale in Lambha, Ahmedabad","55 Lac ","38462 per sqft ",U
"3 BHK Independent House for Sale in Chandkheda, Ahmedabad","1.50 Cr ","6667 per sqft ",U
"4 BHK Independent House for Sale in Motera, Ahmedabad","3.25 Cr ","10317 per sqft ",R
"3 BHK Independent House for Sale in India Colony, Bapunagar, Ahmedabad","28 Lac ","4242 per sqft ",F
"4 BHK Independent House for Sale in Sterling City, Bopal, Ahmedabad","3 Cr ","8889 per sqft ",R
"2 BHK Independent House for Sale in Memnagar, Ahmedabad","55 Lac ","6111 per sqft ",S
"4 BHK Independent House for Sale in Thaltej, Ahmedabad","2.80 Cr ","8889 per sqft ",S
"4 BHK Independent House for Sale in Sanathal, Ahmedabad","2.15 Cr ","7152 per sqft ",U
"4 BHK Independent House for Sale in Isanpur, Ahmedabad","35 Lac ","1667 per sqft ",S
"2 BHK Independent House for Sale in Kathwada, Ahmedabad","35.4 Lac ","3450 per sqft ",S
"2 BHK Independent House for Sale in Isanpur, Ahmedabad","55 Lac ","7275 per sqft ",S
"5 BHK Independent House for Sale in Chandkheda, Ahmedabad","15 Cr ","17094 per sqft ",U
"3 BHK Independent House for Sale in Shela, Ahmedabad","2.10 Cr ","10179 per sqft ",R
"4 BHK Independent House for Sale in Shreyas Railway Crossing Road, Ahmedabad","3.60 Cr ","13333 per sqft ",F
"4 BHK Independent House for Sale in Palodia, Ahmedabad","3.51 Cr ","11143 per sqft ",F
"5 BHK Independent House for Sale in Vejalpur, Jivraj park, Ahmedabad","60 Lac ","2778 per sqft ",R
"8 BHK Independent House for Sale in Kalupur, Ahmedabad","60 Lac ","2667 per sqft ",F
"4 BHK Independent House for Sale in New CG Road, Ahmedabad","3.50 Cr ","11929 per sqft ",S
"1 BHK Independent House for Sale in Isanpur, Ahmedabad","21.5 Lac ","3909 per sqft ",S
"1 BHK Independent House for Sale in Maninagar, Ahmedabad","2.50 Cr ","13550 per sqft ",U
"4 BHK Independent House for Sale in Bhavana Society, Ranip, Ahmedabad","1.05 Cr ","5419 per sqft ",S
"4 BHK Independent House for Sale in Shela, Ahmedabad","7.21 Cr ","9370 per sqft ",U
"2 BHK Independent House for Sale in Thaltej, Ahmedabad","1 Cr ","8889 per sqft ",R
"4 BHK Independent House for Sale in South Bopal, Bopal, Ahmedabad","2 Cr ","6349 per sqft ",R
"5 BHK Independent House for Sale in Odhav, Ahmedabad","80 Lac ","4489 per sqft ",R
"3 BHK Independent House for Sale in Vastral, Ahmedabad","1.43 Cr ","10593 per sqft ",R
"4 BHK Independent House for Sale in Sola Road, Ahmedabad","2.80 Cr ","16817 per sqft ",F
"2 BHK Independent House for Sale in Sanand, Ahmedabad","8 Cr ","32090 per sqft ",F
"4 BHK Independent House for Sale in Prahlad Nagar, Ahmedabad","3 Cr ","13889 per sqft ",U
"3 BHK Independent House for Sale in Thaltej, Ahmedabad","2.95 Cr ","14251 per sqft ",S
"3 BHK Independent House for Sale in Sanand, Ahmedabad","2.75 Cr ","8488 per sqft ",U
"4 BHK Independent House for Sale in Shela, Ahmedabad","6.50 Cr ","16230 per sqft ",F
"4 BHK Independent House for Sale in Patel Society, Asarwa, Ahmedabad","2.80 Cr ","87500 per sqft ",F
"3 BHK Independent House for Sale in Usman Pura, Ahmedabad","1.25 Cr ","5051 per sqft ",N
"4 BHK Independent House for Sale in Shela, Ahmedabad","2.75 Cr ","8730 per sqft ",F
"4 BHK Independent House for Sale in Naranpura, Ahmedabad","5.25 Cr ","16204 per sqft ",F
"1 BHK Independent House for Sale in Ghodasar, Ahmedabad","45 Lac ","30000 per sqft ",R
"3 BHK Independent House for Sale in Paldi, Ahmedabad","55 Lac ","3492 per sqft ",S
"3 BHK Independent House for Sale in CTM, Amraiwadi, Ahmedabad","35 Lac ","1944 per sqft ",2
"3 BHK Independent House for Sale in Isanpur, Ahmedabad","57 Lac ","5556 per sqft ",R
"4 BHK Independent House for Sale in Thaltej Shilaj Road, Ahmedabad","8.75 Cr ","16204 per sqft ",F
"3 BHK Independent House for Sale in Hathijan, Ahmedabad","85 Lac ","4722 per sqft ",R
"3 BHK Independent House for Sale in Bhadaj, Ahmedabad","5 Cr ","12626 per sqft ",S
"3 BHK Independent House for Sale in Ghodasar, Ahmedabad","72 Lac ","8421 per sqft ",S
"4 BHK Independent House for Sale in Shahpur, Ahmedabad","50 Lac ","4739 per sqft ",R
"4 BHK Independent House for Sale in Thaltej Shilaj Road, Ahmedabad","2.75 Cr ","10185 per sqft ",S
"2 BHK Independent House for Sale in Chandkheda, Ahmedabad","69 Lac ","5750 per sqft ",R
"3 BHK Independent House for Sale in Shela, Ahmedabad","1.90 Cr ","9179 per sqft ",F
"5 BHK Independent House for Sale in Behrampura, Ahmedabad","80 Lac ","5926 per sqft ",S
"4 BHK Independent House for Sale in Vastrapur, Ahmedabad","8.10 Cr ","15000 per sqft ",F
"3 BHK Independent House for Sale in Ghuma, Ahmedabad","1.35 Cr ","7500 per sqft ",R
"3 BHK Independent House for Sale in Bopal, Ahmedabad","62 Lac ","4052 per sqft ",R
"3 BHK Independent House for Sale in Sanand, Ahmedabad","5.50 Cr ","4873 per sqft ",S
"4 BHK Independent House for Sale in Science City, Ahmedabad","3.25 Cr ","11111 per sqft ",U
"3 BHK Independent House for Sale in Changodar, Ahmedabad","65 Lac ","2330 per sqft ",S
"5 BHK Independent House for Sale in Satellite, Ahmedabad","1.10 Cr ","7857 per sqft ",R
"4 BHK Independent House for Sale in Bopal, Ahmedabad","3.51 Cr ","14444 per sqft ",F
"5 BHK Independent House for Sale in Prahlad Nagar, Ahmedabad","12 Cr ","19871 per sqft ",F
"2 BHK Independent House for Sale in Ghodasar, Ahmedabad","1.17 Cr ","11207 per sqft ",R
"2 BHK Independent House for Sale in Thaltej, Ahmedabad","65 Lac ","5732 per sqft ",S
"2 BHK Independent House for Sale in C.P Nagar, Sola, Ahmedabad","1.20 Cr ","11111 per sqft ",R
"2 BHK Independent House for Sale in Ahmedabad","80 Lac ","5000 per sqft ",R
"4 BHK Independent House for Sale in Ambica Nagar, Sabarmati, Ahmedabad","85 Lac ","4250 per sqft ",R
"2 BHK Independent House for Sale in Mahadev Nagar, Ahmedabad","33 Lac ","2276 per sqft ",R
"1 BHK Independent House for Sale in Naroda, Ahmedabad","80 Lac ","7797 per sqft ",R
"4 BHK Independent House for Sale in Gita Mandir, Ahmedabad","2.50 Cr ","83333 per sqft ",R
"1 BHK Independent House for Sale in Ghodasar, Ahmedabad","45 Lac ","4167 per sqft ",R
"3 BHK Independent House for Sale in New CG Road, Ahmedabad","2.90 Cr ","12889 per sqft ",F
"4 BHK Independent House for Sale in Ranip, Ahmedabad","55 Lac ","5000 per sqft ",R
"4 BHK Independent House for Sale in Jivraj Park, Ahmedabad","1.70 Cr ","7265 per sqft ",R
"4 BHK Independent House for Sale in Thaltej Shilaj Road, Ahmedabad","8.50 Cr ","11111 per sqft ",U
"6 BHK Independent House for Sale in Dariyapur, Ahmedabad","1.71 Cr ","142500 per sqft ",R
"4 BHK Independent House for Sale in Chandkheda, Ahmedabad","90 Lac ","5051 per sqft ",R
"5 BHK Independent House for Sale in Ghodasar, Ahmedabad","85 Lac ","77273 per sqft ",N
"4 BHK Independent House for Sale in Shela, Ahmedabad","11 Cr ","33486 per sqft ",U
"2 BHK Independent House for Sale in Isanpur, Ahmedabad","50 Lac ","7937 per sqft ",R
"1 BHK Independent House for Sale in Gomtipur, Ahmedabad","16 Lac ","4938 per sqft ",R
"4 BHK Independent House for Sale in Science City, Ahmedabad","4.25 Cr ","18889 per sqft ",S
"4 BHK Independent House for Sale in Shilaj, Ahmedabad","2.80 Cr ","9150 per sqft ",S
"2 BHK Independent House for Sale in Krishna Nagar, Saijpur Bogha, Ahmedabad","35 Lac ","7778 per sqft ",R
"2 BHK Independent House for Sale in Ghodasar, Ahmedabad","27 Lac ","2727 per sqft ",U
"6 BHK Independent House for Sale in Nava Vadaj, Ahmedabad","1 Cr ","4630 per sqft ",U
"4 BHK Independent House for Sale in Isanpur, Ahmedabad","1.60 Cr ","9558 per sqft ",F
"4 BHK Independent House for Sale in Naroda, Ahmedabad","2.50 Cr ","12358 per sqft ",F
"2 BHK Independent House for Sale in Maninagar East, Maninagar, Ahmedabad","80 Lac ","7111 per sqft ",R
"5 BHK Independent House for Sale in Sanathal, Ahmedabad","12 Cr ","16667 per sqft ",U
"5 BHK Independent House for Sale in Shanti Nagar, Usman Pura, Ahmedabad","2.50 Cr ","10000 per sqft ",S
"3 BHK Independent House for Sale in Science City, Ahmedabad","2.65 Cr ","12971 per sqft ",S
"3 BHK Independent House for Sale in Science City, Ahmedabad","4.50 Cr ","17857 per sqft ",F
"2 BHK Independent House for Sale in South Bopal, Bopal, Ahmedabad","75 Lac ","6637 per sqft ",R
"4 BHK Independent House for Sale in Satellite, Ahmedabad","3.25 Cr ","11285 per sqft ",R
"2 BHK Independent House for Sale in Thakkarbapu Nagar, Ahmedabad","35 Lac ","3535 per sqft ",R
"3 BHK Independent House for Sale in Bopal, Ahmedabad","1.75 Cr ","7778 per sqft ",3
"5 BHK Independent House for Sale in Hirawadi, Bapunagar, Ahmedabad","1.20 Cr ","6667 per sqft ",2
"4 BHK Independent House for Sale in South Bopal, Bopal, Ahmedabad","3.90 Cr ","11743 per sqft ",F
"4 BHK Independent House for Sale in Chandkheda, Ahmedabad","2.80 Cr ","5185 per sqft ",U
"3 BHK Independent House for Sale in Naroda, Ahmedabad","1.60 Cr ","8889 per sqft ",F
"3 BHK Independent House for Sale in Motera, Ahmedabad","1.30 Cr ","4044 per sqft ",S
"2 BHK Independent House for Sale in Sanand, Ahmedabad","3.71 Cr ","19537 per sqft ",S
"4 BHK Independent House for Sale in Isanpur, Ahmedabad","60 Lac ","4444 per sqft ",U
"4 BHK Independent House for Sale in Shahpur, Ahmedabad","43 Lac ","1911 per sqft ",S
"5 BHK Independent House for Sale in Ambli Bopal Road, Ahmedabad","8.61 Cr ","25579 per sqft ",F
"4 BHK Independent House for Sale in Science City, Ahmedabad","6.35 Cr ","13188 per sqft ",R
"4 BHK Independent House for Sale in Shayona City, Chanakyapuri, Ahmedabad","3.11 Cr ","9873 per sqft ",S
"4 BHK Independent House for Sale in Sardar Patel Ring Road, Ahmedabad","7.50 Cr ","15152 per sqft ",F
"4 BHK Independent House for Sale in Satellite, Ahmedabad","1.35 Cr ","9259 per sqft ",R
"4 BHK Independent House for Sale in GokulDham, 132 Feet Ring Road, Ahmedabad","4.08 Cr ","11930 per sqft ",F
"4 BHK Independent House for Sale in Science City, Ahmedabad","4.50 Cr ","16129 per sqft ",S
"4 BHK Independent House for Sale in Thaltej, Ahmedabad","2.70 Cr ","17241 per sqft ",R
"4 BHK Independent House for Sale in Vaishnodevi Cir, Ahmedabad","4.50 Cr ","11765 per sqft ",F
"4 BHK Independent House for Sale in Vastral, Ahmedabad","1.52 Cr ","14074 per sqft ",F
"3 BHK Independent House for Sale in Ranna Park, Nirnay Nagar, Ahmedabad","1.30 Cr ","9630 per sqft ",R
"3 BHK Independent House for Sale in Sardar Patel Ring Road, Ahmedabad","3.50 Cr ","14675 per sqft ",R
"3 BHK Independent House for Sale in Rajendra Park, Meghani Nagar, Ahmedabad","72 Lac ","3200 per sqft ",R
"3 BHK Independent House for Sale in Narolgam, Ahmedabad","22 Lac ","2444 per sqft ",R
"1 BHK Independent House for Sale in Sardar Patel Ring Road, Ahmedabad","38 Lac ","5278 per sqft ",U
"2 BHK Independent House for Sale in Sardar Patel Ring Road, Ahmedabad","43 Lac ","4550 per sqft ",U
"5 BHK Independent House for Sale in Sardar Patel Ring Road, Ahmedabad","1.17 Cr ","4333 per sqft ",U
"4 BHK Independent House for Sale in Science City, Ahmedabad","3.70 Cr ","12496 per sqft ",F
"4 BHK Independent House for Sale in Bhadaj, Ahmedabad","7.50 Cr ","16835 per sqft ",S
"3 BHK Independent House for Sale in Science City, Ahmedabad","3.60 Cr ","14440 per sqft ",R
"3 BHK Independent House for Sale in Bopal, Ahmedabad","1.75 Cr ","8750 per sqft ",U
"2 BHK Independent House for Sale in Dani Limda, Ahmedabad","20 Lac ","3704 per sqft ",R
"1 BHK Independent House for Sale in Ghatlodiya, Ahmedabad","1.30 Cr ","7222 per sqft ",U
"3 BHK Independent House for Sale in Thaltej, Ahmedabad","3.21 Cr ","11889 per sqft ",S
"5 BHK Independent House for Sale in Sardar Patel Ring Road, Ahmedabad","1.86 Cr ","5439 per sqft ",U
"5 BHK Independent House for Sale in Sardar Patel Ring Road, Ahmedabad","2.11 Cr ","5861 per sqft ",U
"2 BHK Independent House for Sale in Saroda, Ahmedabad","86.4 Lac ","3429 per sqft ",N
"3 BHK Independent House for Sale in Science City, Ahmedabad","4.50 Cr ","17857 per sqft ",F
"3 BHK Independent House for Sale in Nava Naroda, Ahmedabad","1.51 Cr ","11984 per sqft ",R
"5 BHK Independent House for Sale in Odhav, Ahmedabad","35 Lac ","1458 per sqft ",U
"2 BHK Independent House for Sale in Ambawadi, Ahmedabad","70 Lac ","5983 per sqft ",F
"4 BHK Independent House for Sale in Shela, Ahmedabad","6.50 Cr ","16230 per sqft ",F
"4 BHK Independent House for Sale in Science City, Ahmedabad","6.50 Cr ","22960 per sqft ",F
"4 BHK Independent House for Sale in Sanathal, Ahmedabad","3 Cr ","8772 per sqft ",U
"5 BHK Independent House for Sale in Vaishno Devi, Ahmedabad","10 Cr ","6169 per sqft ",F
"3 BHK Independent House for Sale in Vastral, Ahmedabad","45 Lac ","3125 per sqft ",S
"4 BHK Independent House for Sale in Satellite, Ahmedabad","1.60 Cr ","9715 per sqft ",R
"4 BHK Independent House for Sale in Aarohi Club Road, Ahmedabad","1.80 Cr ","10000 per sqft ",U
"3 BHK Independent House for Sale in Gota, Ahmedabad","2 Cr ","13889 per sqft ",R
"3 BHK Independent House for Sale in Kankaria, Ahmedabad","90 Lac ","60000 per sqft ",F
"3 BHK Independent House for Sale in Science City, Ahmedabad","2.90 Cr ","18734 per sqft ",R
"4 BHK Independent House for Sale in Chandlodia, Chanakyapuri, Ahmedabad","70 Lac ","7000 per sqft ",U
"4 BHK Independent House for Sale in Ghuma, Ahmedabad","3 Cr ","9524 per sqft ",R
"5 BHK Independent House for Sale in Vaishnodevi Cir, Ahmedabad","7.50 Cr ","5952 per sqft ",F
"4 BHK Independent House for Sale in Sanathal, Ahmedabad","3.51 Cr ","6056 per sqft ",U
"4 BHK Independent House for Sale in Science City, Ahmedabad","4 Cr ","17778 per sqft ",F
"4 BHK Independent House for Sale in Aarohi Club Road, Ahmedabad","2.35 Cr ","6528 per sqft ",U
"5 BHK Independent House for Sale in Shela, Ahmedabad","4 Cr ","8081 per sqft ",U
"4 BHK Independent House for Sale in Science City, Ahmedabad","6.25 Cr ","10851 per sqft ",R
"3 BHK Independent House for Sale in Ghodasar, Ahmedabad","40 Lac ","4444 per sqft ",R
"4 BHK Independent House for Sale in Sanathal, Ahmedabad","2.15 Cr ","7963 per sqft ",S
"3 BHK Independent House for Sale in Sanand, Ahmedabad","3.20 Cr ","22222 per sqft ",S
"4 BHK Independent House for Sale in Maninagar East, Maninagar, Ahmedabad","1.25 Cr ","5787 per sqft ",R
"4 BHK Independent House for Sale in Science City, Ahmedabad","3.50 Cr ","14957 per sqft ",F
"4 BHK Independent House for Sale in South Bopal, Bopal, Ahmedabad","2.50 Cr ","11338 per sqft ",R
"2 BHK Independent House for Sale in Moraiya, Ahmedabad","34.5 Lac ","3651 per sqft ",S
"3 BHK Independent House for Sale in Sola, Ahmedabad","2.30 Cr ","14603 per sqft ",F
"3 BHK Independent House for Sale in Bavla, Ahmedabad","42 Lac ","2685 per sqft ",U
"5 BHK Independent House for Sale in Sattadhar Char Rasta, Ahmedabad","5.50 Cr ","17118 per sqft ",F
"4 BHK Independent House for Sale in Thakkarbapu Nagar, Ahmedabad","1.50 Cr ","4762 per sqft ",S
"4 BHK Independent House for Sale in Vastrapur, Ahmedabad","4.75 Cr ","13194 per sqft ",S
"3 BHK Independent House for Sale in Ghuma, Ahmedabad","2.11 Cr ","5861 per sqft ",S
"2 BHK Independent House for Sale in Mehmedabad, Ahmedabad","98.6 Lac ","3911 per sqft ",N
"4 BHK Independent House for Sale in South Bopal, Bopal, Ahmedabad","3.60 Cr ","12903 per sqft ",F
"5 BHK Independent House for Sale in Navrangpura, Ahmedabad","3.50 Cr ","66038 per sqft ",R
"2 BHK Independent House for Sale in Bapunagar, Ahmedabad","80 Lac ","5333 per sqft ",R
"3 BHK Independent House for Sale in Science City, Ahmedabad","3.20 Cr ","12261 per sqft ",R
"2 BHK Independent House for Sale in CTM, Amraiwadi, Ahmedabad","80 Lac ","11252 per sqft ",R
"1 BHK Independent House for Sale in Vastral, Ahmedabad","20 Lac ","3704 per sqft ",S
"7 BHK Independent House for Sale in South Bopal, Bopal, Ahmedabad","9.50 Cr ","10556 per sqft ",F
"4 BHK Independent House for Sale in Gota, Ahmedabad","2.75 Cr ","10536 per sqft ",F
"5 BHK Independent House for Sale in Vastrapur, Ahmedabad","8.50 Cr ","19676 per sqft ",F
"5 BHK Independent House for Sale in Satellite, Ahmedabad","6.50 Cr ","16993 per sqft ",U
"4 BHK Independent House for Sale in Gota, Ahmedabad","3.10 Cr ","11676 per sqft ",U
"3 BHK Independent House for Sale in Palodia, Ahmedabad","2.71 Cr ","12341 per sqft ",F
"4 BHK Independent House for Sale in Thakkarbapu Nagar, Ahmedabad","50 Lac ","50000 per sqft ",R
"3 BHK Independent House for Sale in Chandlodia, Chanakyapuri, Ahmedabad","45 Lac ","90000 per sqft ",R
"4 BHK Independent House for Sale in South Bopal, Bopal, Ahmedabad","1.96 Cr ","10129 per sqft ",R
"7 BHK Independent House for Sale in Ram Nagar, Sabarmati, Ahmedabad","5 Cr ","20202 per sqft ",R
"3 BHK Independent House for Sale in Maninagar, Ahmedabad","3.50 Cr ","14141 per sqft ",N
"5 BHK Independent House for Sale in Kathwada Road, Ahmedabad","90 Lac ","3750 per sqft ",F
"4 BHK Independent House for Sale in Vastrapur, Ahmedabad","1.50 Cr ","16667 per sqft ",F
"5 BHK Independent House for Sale in Naroda, Ahmedabad","65 Lac ","3250 per sqft ",R
"7 BHK Independent House for Sale in Vejalpur, Jivraj park, Ahmedabad","1.25 Cr ","6944 per sqft ",R
"1 BHK Independent House for Sale in Vejalpur, Jivraj park, Ahmedabad","32 Lac ","5470 per sqft ",R
"3 BHK Independent House for Sale in Nehru Nagar, Ambawadi, Ahmedabad","1.60 Cr ","11852 per sqft ",R
"3 BHK Independent House for Sale in Jivraj Park, Ahmedabad","1.10 Cr ","7639 per sqft ",S
"3 BHK Independent House for Sale in Moraiya, Ahmedabad","55 Lac ","45833 per sqft ",R
"4 BHK Independent House for Sale in Sanathal, Ahmedabad","6 Cr ","8120 per sqft ",U
"4 BHK Independent House for Sale in Paramdham Society, Bopal, Ahmedabad","2.80 Cr ","9573 per sqft ",F
"1 BHK Independent House for Sale in Mahadev Nagar, Ahmedabad","17 Lac ","4250 per sqft ",R
"4 BHK Independent House for Sale in Sughad, Ahmedabad","2 Cr ","8889 per sqft ",U
"4 BHK Independent House for Sale in Vastral, Ahmedabad","4 Cr ","13333 per sqft ",R
"2 BHK Independent House for Sale in Bapunagar, Ahmedabad","23 Lac ","2875 per sqft ",R
"4 BHK Independent House for Sale in Gurukul, Ahmedabad","6 Cr ","27778 per sqft ",R
"4 BHK Independent House for Sale in Ahmedabad","1.70 Cr ","11243 per sqft ",R
"3 BHK Independent House for Sale in Bopal, Ahmedabad","1.30 Cr ","7222 per sqft ",U
"4 BHK Independent House for Sale in Bodakdev, Ahmedabad","1.90 Cr ","11728 per sqft ",R
"3 BHK Independent House for Sale in Ghuma, Ahmedabad","95 Lac ","5278 per sqft ",U
"4 BHK Independent House for Sale in Vatva, Ahmedabad","95 Lac ","6209 per sqft ",U
"3 BHK Independent House for Sale in Narolgam, Ahmedabad","68 Lac ","5904 per sqft ",R
"4 BHK Independent House for Sale in Thaltej Shilaj Road, Ahmedabad","2.85 Cr ","9314 per sqft ",S
"4 BHK Independent House for Sale in Vastral, Ahmedabad","3.65 Cr ","11265 per sqft ",F
"4 BHK Independent House for Sale in Bopal, Ahmedabad","1.90 Cr ","8796 per sqft ",F
"5 BHK Independent House for Sale in Aarohi Club Road, Ahmedabad","3.60 Cr ","10390 per sqft ",U
"2 BHK Independent House for Sale in Nikol, Ahmedabad","45 Lac ","6757 per sqft ",R
"2 BHK Independent House for Sale in Vastral, Ahmedabad","42 Lac ","4200 per sqft ",S
"4 BHK Independent House for Sale in New Maninagar, Ahmedabad","1.08 Cr ","6708 per sqft ",N
"4 BHK Independent House for Sale in I I M, Vastrapur, Ahmedabad","2.25 Cr ","10000 per sqft ",U
"3 BHK Independent House for Sale in Thaltej, Ahmedabad","3 Cr ","16667 per sqft ",S
"3 BHK Independent House for Sale in Thaltej, Ahmedabad","3.75 Cr ","18939 per sqft ",S
"3 BHK Independent House for Sale in Kasindra, Ahmedabad","75 Lac ","4318 per sqft ",R
"4 BHK Independent House for Sale in SG Highway, Ahmedabad","3.22 Cr ","7596 per sqft ",U
"2 BHK Independent House for Sale in CTM, Amraiwadi, Ahmedabad","45 Lac ","5000 per sqft ",N
"4 BHK Independent House for Sale in Nava Vadaj, Ahmedabad","85 Lac ","4830 per sqft ",R
"4 BHK Independent House for Sale in Shela, Ahmedabad","8 Cr ","12698 per sqft ",U
"3 BHK Independent House for Sale in Navrangpura, Ahmedabad","3.51 Cr ","11048 per sqft ",R
"4 BHK Independent House for Sale in Ahmedabad","75 Lac ","3333 per sqft ",R
"5 BHK Independent House for Sale in South Bopal, Bopal, Ahmedabad","3.60 Cr ","10390 per sqft ",U
"3 BHK Independent House for Sale in New Ranip, Ahmedabad","1.49 Cr ","8534 per sqft ",S
"4 BHK Independent House for Sale in Odhav, Ahmedabad","55 Lac ","4583 per sqft ",F
"2 BHK Independent House for Sale in Vatva, Ahmedabad","50 Lac ","5556 per sqft ",R
"2 BHK Independent House for Sale in Vasantkunj Society, Paldi, Ahmedabad","1.50 Cr ","9049 per sqft ",R
"5 BHK Independent House for Sale in Sardar Patel Ring Road, Ahmedabad","16 Cr ","12698 per sqft ",F
"5 BHK Independent House for Sale in Memnagar, Ahmedabad","2.25 Cr ","12500 per sqft ",F
"4 BHK Independent House for Sale in Shilaj, Ahmedabad","2.95 Cr ","12607 per sqft ",F
"4 BHK Independent House for Sale in Shilaj, Ahmedabad","4.25 Cr ","9677 per sqft ",U
"3 BHK Independent House for Sale in Krishna Nagar, Saijpur Bogha, Ahmedabad","45 Lac ","4000 per sqft ",S
"6 BHK Independent House for Sale in Vatva, Ahmedabad","55 Lac ","1358 per sqft ",3
"5 BHK Independent House for Sale in Vaishno Devi, Ahmedabad","15 Cr ","15576 per sqft ",U
"3 BHK Independent House for Sale in Nava Vadaj, Ahmedabad","2.41 Cr ","20083 per sqft ",R
"4 BHK Independent House for Sale in Motera, Ahmedabad","2.40 Cr ","5926 per sqft ",R
"4 BHK Independent House for Sale in Aarohi Club Road, Ahmedabad","2.75 Cr ","8730 per sqft ",R
"3 BHK Independent House for Sale in New Ranip, Ahmedabad","80 Lac ","14545 per sqft ",R
"3 BHK Independent House for Sale in Saraspur, Ahmedabad","90 Lac ","6452 per sqft ",F
"3 BHK Independent House for Sale in Vastral, Ahmedabad","1.25 Cr ","13889 per sqft ",S
"4 BHK Independent House for Sale in Satellite, Ahmedabad","2.10 Cr ","11667 per sqft ",R
"7 BHK Independent House for Sale in Bapunagar, Ahmedabad","80 Lac ","4848 per sqft ",S
"5 BHK Independent House for Sale in Vejalpur, Jivraj park, Ahmedabad","95 Lac ","6333 per sqft ",S
"4 BHK Independent House for Sale in Ghatlodiya, Ahmedabad","1.40 Cr ","11523 per sqft ",S
"1 BHK Independent House for Sale in Vasna, Ahmedabad","1.50 Cr ","11111 per sqft ",U
"7 BHK Independent House for Sale in Science City, Ahmedabad","16 Cr ","12698 per sqft ",F
"3 BHK Independent House for Sale in South Bopal, Bopal, Ahmedabad","2.25 Cr ","12500 per sqft ",R
"4 BHK Independent House for Sale in Sanand, Ahmedabad","4.50 Cr ","31735 per sqft ",U
"4 BHK Independent House for Sale in Thaltej, Ahmedabad","4 Cr ","13675 per sqft ",F
"3 BHK Independent House for Sale in Thaltej, Ahmedabad","3.60 Cr ","10526 per sqft ",R
"4 BHK Independent House for Sale in Maninagar, Ahmedabad","1.65 Cr ","10536 per sqft ",R
"2 BHK Independent House for Sale in Sanand Nalsarovar Road, Ahmedabad","56 Lac ","3084 per sqft ",R
"3 BHK Independent House for Sale in Nava Naroda, Ahmedabad","74 Lac ","7475 per sqft ",S
"4 BHK Independent House for Sale in Shela, Ahmedabad","7.50 Cr ","8818 per sqft ",S
"6 BHK Independent House for Sale in Nava Vadaj, Ahmedabad","3.30 Cr ","11640 per sqft ",U
"4 BHK Independent House for Sale in Jashoda Nagar, Ahmedabad","85 Lac ","5667 per sqft ",F
"3 BHK Independent House for Sale in Ahmedabad","1.30 Cr ","6341 per sqft ",R
"2 BHK Independent House for Sale in Chekhala, Ahmedabad","3.25 Cr ","17114 per sqft ",S
"3 BHK Independent House for Sale in Ahmedabad","75 Lac ","6410 per sqft ",R
"4 BHK Independent House for Sale in Gota, Ahmedabad","2.98 Cr ","11037 per sqft ",U
"3 BHK Independent House for Sale in Satellite, Ahmedabad","3 Cr ","14620 per sqft ",F
"2 BHK Independent House for Sale in Karmchari Nagar, Ahmedabad","1.25 Cr ","13889 per sqft ",F
"1 BHK Independent House for Sale in Ambica Nagar, Sabarmati, Ahmedabad","60 Lac ","12500 per sqft ",R
"1 BHK Independent House for Sale in Aslali, Ahmedabad","1.16 Cr ","10417 per sqft ",N
"2 BHK Independent House for Sale in Sardar Patel Ring Road, Ahmedabad","88.1 Lac ","3915 per sqft ",N
"3 BHK Independent House for Sale in Kathwada, Ahmedabad","95 Lac ","5385 per sqft ",S
"4 BHK Independent House for Sale in Hanspura, Naroda, Ahmedabad","1.30 Cr ","11111 per sqft ",R
"2 BHK Independent House for Sale in Chandlodia, Chanakyapuri, Ahmedabad","52 Lac ","52000 per sqft ",R
"1 BHK Independent House for Sale in Amraiwadi, Ahmedabad","16 Lac ","20000 per sqft ",S
"2 BHK Independent House for Sale in Krishna Nagar, Saijpur Bogha, Ahmedabad","65 Lac ","7879 per sqft ",R
"5 BHK Independent House for Sale in Kasindra, Ahmedabad","1.45 Cr ","4319 per sqft ",F
"5 BHK Independent House for Sale in Kasindra, Ahmedabad","1.45 Cr ","4319 per sqft ",F
"2 BHK Independent House for Sale in Shanti Nagar, Usman Pura, Ahmedabad","1.50 Cr ","28439 per sqft ",R
"5 BHK Independent House for Sale in Shilaj, Ahmedabad","6.50 Cr ","11094 per sqft ",S
"4 BHK Independent House for Sale in Sindhu Bhavan Marg, Ahmedabad","27 Cr ","16207 per sqft ",U
"2 BHK Independent House for Sale in Hansol, Ahmedabad","45 Lac ","3462 per sqft ",R
"2 BHK Independent House for Sale in Chandkheda, Ahmedabad","65 Lac ","8626 per sqft ",R
"1 BHK Independent House for Sale in Chandkheda, Ahmedabad","60 Lac ","6667 per sqft ",R
"4 BHK Independent House for Sale in Rambagh, Ahmedabad","4 Cr ","26936 per sqft ",R
"4 BHK Independent House for Sale in Science City, Ahmedabad","3.25 Cr ","19626 per sqft ",S
"4 BHK Independent House for Sale in Bopal, Ahmedabad","12 Cr ","28674 per sqft ",R
"8 BHK Independent House for Sale in Maninagar, Ahmedabad","2.50 Cr ","6173 per sqft ",S
"5 BHK Independent House for Sale in Manekbaug Society, Ambawadi, Ahmedabad","3.21 Cr ","11889 per sqft ",R
"1 BHK Independent House for Sale in Chaloda, Juhapura, Ahmedabad","54 Lac ","1875 per sqft ",N
"2 BHK Independent House for Sale in Naroda, Ahmedabad","28.5 Lac ","3167 per sqft ",S
"2 BHK Independent House for Sale in Maninagar, Ahmedabad","80 Lac ","5926 per sqft ",U
"4 BHK Independent House for Sale in Ayojan Nagar, Ahmedabad","3.60 Cr ","13333 per sqft ",R
"2 BHK Independent House for Sale in Isanpur, Ahmedabad","38 Lac ","6333 per sqft ",R
"4 BHK Independent House for Sale in Memnagar, Ahmedabad","5.75 Cr ","14858 per sqft ",U
"4 BHK Independent House for Sale in Gota, Ahmedabad","1.25 Cr ","8603 per sqft ",R
"9 BHK Independent House for Sale in Ram Nagar, Sabarmati, Ahmedabad","3 Cr ","10101 per sqft ",R
"3 BHK Independent House for Sale in Ghodasar, Ahmedabad","41 Lac ","4227 per sqft ",R
"5 BHK Independent House for Sale in Shilaj, Ahmedabad","6.20 Cr ","11481 per sqft ",U
"2 BHK Independent House for Sale in Ahmedabad","56 Lac ","5714 per sqft ",R
"4 BHK Independent House for Sale in Bodakdev, Ahmedabad","3 Cr ","13333 per sqft ",U
"2 BHK Independent House for Sale in Hatkeshwar, Ahmedabad","40 Lac ","4000 per sqft ",R
"3 BHK Independent House for Sale in South Bopal, Bopal, Ahmedabad","1.60 Cr ","9877 per sqft ",R
"3 BHK Independent House for Sale in Kalupur, Ahmedabad","50 Lac ","2778 per sqft ",S
"2 BHK Independent House for Sale in Nikol, Ahmedabad","65 Lac ","7222 per sqft ",F
"5 BHK Independent House for Sale in Isanpur, Ahmedabad","95 Lac ","4691 per sqft ",R
"4 BHK Independent House for Sale in Shilaj, Ahmedabad","5 Cr ","11671 per sqft ",R
"3 BHK Independent House for Sale in Maninagar East, Maninagar, Ahmedabad","60 Lac ","5556 per sqft ",S
"3 BHK Independent House for Sale in Vejalpur, Jivraj park, Ahmedabad","67 Lac ","3941 per sqft ",R
"2 BHK Independent House for Sale in Kolat, Ahmedabad","6.25 Cr ","34722 per sqft ",F
"3 BHK Independent House for Sale in Juhapura, Ahmedabad","40 Lac ","5926 per sqft ",R
"2 BHK Independent House for Sale in Sabarmati, Ahmedabad","70 Lac ","6567 per sqft ",U
"1 BHK Independent House for Sale in Maningar East, Khokhra, Ahmedabad","50 Lac ","3333 per sqft ",S
"3 BHK Independent House for Sale in Singarva, Ahmedabad","15 Lac ","1250 per sqft ",R
"3 BHK Independent House for Sale in South Bopal, Bopal, Ahmedabad","1.31 Cr ","10472 per sqft ",R
"2 BHK Independent House for Sale in Naroda, Ahmedabad","60 Lac ","6667 per sqft ",R
"3 BHK Independent House for Sale in Vastral, Ahmedabad","2 Cr ","11111 per sqft ",R
"4 BHK Independent House for Sale in Prahlad Nagar, Ahmedabad","8.25 Cr ","13580 per sqft ",F
"5 BHK Independent House for Sale in SG Highway, Ahmedabad","14 Cr ","15402 per sqft ",U
"4 BHK Independent House for Sale in Shahibuag, Ahmedabad","4.15 Cr ","20960 per sqft ",F
"5 BHK Independent House for Sale in Vaishno Devi, Ahmedabad","14 Cr ","14538 per sqft ",U
"4 BHK Independent House for Sale in Hirawadi, Bapunagar, Ahmedabad","75 Lac ","5357 per sqft ",R
"4 BHK Independent House for Sale in Sanathal, Ahmedabad","2.30 Cr ","7516 per sqft ",R
"3 BHK Independent House for Sale in Sola, Ahmedabad","2.30 Cr ","12778 per sqft ",F
"2 BHK Independent House for Sale in Naroda, Ahmedabad","80 Lac ","8466 per sqft ",F
"6 BHK Independent House for Sale in Usman Pura, Ahmedabad","5 Cr ","11201 per sqft ",F
"5 BHK Independent House for Sale in Isanpur, Ahmedabad","1.05 Cr ","5250 per sqft ",S
"3 BHK Independent House for Sale in South Bopal, Bopal, Ahmedabad","1.35 Cr ","7143 per sqft ",R
"2 BHK Independent House for Sale in Naranpura, Ahmedabad","66 Lac ","11186 per sqft ",R
"2 BHK Independent House for Sale in India Colony, Bapunagar, Ahmedabad","1.50 Cr ","7937 per sqft ",U
"4 BHK Independent House for Sale in Ahmedabad","35 Lac ","19444 per sqft ",R
"4 BHK Independent House for Sale in Science City, Ahmedabad","4 Cr ","9070 per sqft ",S
"2 BHK Independent House for Sale in Bapunagar, Ahmedabad","20 Lac ","2857 per sqft ",R
"4 BHK Independent House for Sale in Ahmedabad","1.20 Cr ","10000 per sqft ",R
"4 BHK Independent House for Sale in Maninagar, Ahmedabad","6.50 Cr ","16230 per sqft ",U
"3 BHK Independent House for Sale in Ghatlodia, Ahmedabad","2.50 Cr ","15432 per sqft ",F
"5 BHK Independent House for Sale in South Bopal, Bopal, Ahmedabad","7 Cr ","10370 per sqft ",U
"4 BHK Independent House for Sale in Thaltej, Ahmedabad","8 Cr ","16162 per sqft ",F
"4 BHK Independent House for Sale in Shela, Ahmedabad","6.26 Cr ","15630 per sqft ",F
"4 BHK Independent House for Sale in Vastral, Ahmedabad","79.5 Lac ","4274 per sqft ",S
"3 BHK Independent House for Sale in Ghuma, Ahmedabad","5.60 Cr ","16817 per sqft ",S
"4 BHK Independent House for Sale in Shela, Ahmedabad","7.50 Cr ","12438 per sqft ",U
"3 BHK Independent House for Sale in Vastral, Ahmedabad","92 Lac ","7342 per sqft ",U
"3 BHK Independent House for Sale in Bodakdev, Ahmedabad","4.50 Cr ","21552 per sqft ",R
"4 BHK Independent House for Sale in Ranip, Ahmedabad","1.80 Cr ","10000 per sqft ",U
"3 BHK Independent House for Sale in Vastral, Ahmedabad","40 Lac ","1896 per sqft ",F
"3 BHK Independent House for Sale in Vastral, Ahmedabad","40 Lac ","3810 per sqft ",R
"4 BHK Independent House for Sale in Nikol, Ahmedabad","56 Lac ","9290 per sqft ",S
"4 BHK Independent House for Sale in SG Highway, Ahmedabad","2.30 Cr ","7516 per sqft ",F
"3 BHK Independent House for Sale in Science City Road, Ahmedabad","1 Cr ","28571 per sqft ",U
"4 BHK Independent House for Sale in South Bopal, Bopal, Ahmedabad","2.75 Cr ","8730 per sqft ",R
"4 BHK Independent House for Sale in Thaltej, Ahmedabad","8.50 Cr ","23611 per sqft ",U
"3 BHK Independent House for Sale in Nana Chiloda, Ahmedabad","1.50 Cr ","4695 per sqft ",R
"2 BHK Independent House for Sale in Ghodasar, Ahmedabad","1.10 Cr ","11111 per sqft ",R
"2 BHK Independent House for Sale in Amraiwadi, Ahmedabad","75 Lac ","4167 per sqft ",R
"4 BHK Independent House for Sale in Naroda, Ahmedabad","69 Lac ","3067 per sqft ",R
"1 BHK Independent House for Sale in Naroda, Ahmedabad","16.5 Lac ","2750 per sqft ",R
"4 BHK Independent House for Sale in Ghatlodiya, Ahmedabad","1.10 Cr ","11640 per sqft ",R
"2 BHK Independent House for Sale in Nava Naroda, Ahmedabad","80 Lac ","5487 per sqft ",R
"5 BHK Independent House for Sale in GokulDham, 132 Feet Ring Road, Ahmedabad","6.50 Cr ","11649 per sqft ",U
"6 BHK Independent House for Sale in Naranpura, Ahmedabad","4.29 Cr ","8938 per sqft ",R
"4 BHK Independent House for Sale in Ghodasar, Ahmedabad","1.50 Cr ","7407 per sqft ",R
"4 BHK Independent House for Sale in Sola, Ahmedabad","2.35 Cr ","9853 per sqft ",S
"2 BHK Independent House for Sale in Saroda, Ahmedabad","55.6 Lac ","2684 per sqft ",N
"6 BHK Independent House for Sale in Sardar Patel Ring Road, Ahmedabad","14.51 Cr ","11274 per sqft ",F
"4 BHK Independent House for Sale in New Ranip, Ahmedabad","1.05 Cr ","8400 per sqft ",R
"1 BHK Independent House for Sale in Ahmedabad","13 Lac ","4062 per sqft ",U
"3 BHK Independent House for Sale in Odhav, Ahmedabad","32 Lac ","4267 per sqft ",R
"3 BHK Independent House for Sale in Lapkaman, Ahmedabad","1 Cr ","6349 per sqft ",R
"3 BHK Independent House for Sale in Isanpur, Ahmedabad","40 Lac ","5309 per sqft ",R
"3 BHK Independent House for Sale in Vasant Nagar, Ahmedabad","32 Lac ","711 per sqft ",R
"3 BHK Independent House for Sale in Gurukul, Ahmedabad","1.50 Cr ","8333 per sqft ",F
"5 BHK Independent House for Sale in Chandkheda, Ahmedabad","88 Lac ","2963 per sqft ",R
"3 BHK Independent House for Sale in Nikol Naroda Road, Ahmedabad","1.80 Cr ","12270 per sqft ",R
"3 BHK Independent House for Sale in Kasindra, Ahmedabad","67 Lac ","3195 per sqft ",R
"4 BHK Independent House for Sale in Science City, Ahmedabad","4.25 Cr ","11806 per sqft ",S
"2 BHK Independent House for Sale in Virat Nagar, Odhav, Ahmedabad","1.06 Cr ","4244 per sqft ",N
"6 BHK Independent House for Sale in Maninagar, Ahmedabad","2.81 Cr ","6122 per sqft ",S
"4 BHK Independent House for Sale in Isanpur, Ahmedabad","1.15 Cr ","7667 per sqft ",R
"5 BHK Independent House for Sale in Thaltej, Ahmedabad","8.25 Cr ","17394 per sqft ",F
"3 BHK Independent House for Sale in South Bopal, Bopal, Ahmedabad","2.35 Cr ","8704 per sqft ",R
"4 BHK Independent House for Sale in Ramdevnagar, Ahmedabad","4.25 Cr ","15179 per sqft ",S
"4 BHK Independent House for Sale in Memnagar, Ahmedabad","2.60 Cr ","17332 per sqft ",F
"5 BHK Independent House for Sale in South Bopal, Bopal, Ahmedabad","16.11 Cr ","27538 per sqft ",F
"3 BHK Independent House for Sale in Thaltej, Ahmedabad","1.20 Cr ","11111 per sqft ",R
"3 BHK Independent House for Sale in Ambawadi, Ahmedabad","1.35 Cr ","20769 per sqft ",R
"3 BHK Independent House for Sale in Vatva, Ahmedabad","65 Lac ","4815 per sqft ",R
"4 BHK Independent House for Sale in Sola Road, Ahmedabad","1.20 Cr ","9195 per sqft ",R
"4 BHK Independent House for Sale in Science City, Ahmedabad","3.15 Cr ","12111 per sqft ",F
"3 BHK Independent House for Sale in Memnagar, Ahmedabad","1.05 Cr ","6076 per sqft ",R
"4 BHK Independent House for Sale in PRL Colony, Thaltej, Ahmedabad","12 Cr ","26667 per sqft ",F
"4 BHK Independent House for Sale in Sanathal, Ahmedabad","2 Cr ","7407 per sqft ",U
"3 BHK Independent House for Sale in Vastral, Ahmedabad","3.15 Cr ","14000 per sqft ",F
"4 BHK Independent House for Sale in Isanpur, Ahmedabad","65 Lac ","6842 per sqft ",R
"3 BHK Independent House for Sale in Ghuma, Ahmedabad","5.50 Cr ","16517 per sqft ",R
"4 BHK Independent House for Sale in Sanathal, Ahmedabad","4.81 Cr ","11720 per sqft ",U
"3 BHK Independent House for Sale in Naroda, Ahmedabad","55 Lac ","2555 per sqft ",R
"3 BHK Independent House for Sale in Aarohi Club Road, Ahmedabad","2.45 Cr ","5867 per sqft ",F
"4 BHK Independent House for Sale in Science City, Ahmedabad","7.51 Cr ","10753 per sqft ",U
"3 BHK Independent House for Sale in Ahmedabad","51 Lac ","2833 per sqft ",S
"3 BHK Independent House for Sale in Bopal, Ahmedabad","1.65 Cr ","7161 per sqft ",F
"3 BHK Independent House for Sale in Kankaria, Ahmedabad","2.50 Cr ","9107 per sqft ",U
"5 BHK Independent House for Sale in Prahlad Nagar, Ahmedabad","9 Cr ","14493 per sqft ",F
"7 BHK Independent House for Sale in Gulbai Tekra, Ahmedabad","6.50 Cr ","18056 per sqft ",R
"2 BHK Independent House for Sale in Virat Nagar, Odhav, Ahmedabad","22 Lac ","2200 per sqft ",R
"5 BHK Independent House for Sale in Bodakdev, Ahmedabad","7 Cr ","24005 per sqft ",U
"2 BHK Independent House for Sale in Shahibaug, Ahmedabad","2.75 Cr ","14212 per sqft ",R
"5 BHK Independent House for Sale in Thaltej, Ahmedabad","8 Cr ","13675 per sqft ",F
"4 BHK Independent House for Sale in Shela, Ahmedabad","8.50 Cr ","28025 per sqft ",U
"4 BHK Independent House for Sale in Shela, Ahmedabad","2.11 Cr ","6895 per sqft ",U
"4 BHK Independent House for Sale in Zundal, Ahmedabad","1.60 Cr ","5309 per sqft ",S
"6 BHK Independent House for Sale in Manekbaug Society, Ambawadi, Ahmedabad","4.60 Cr ","12778 per sqft ",S
"3 BHK Independent House for Sale in Bopal, Ahmedabad","1.11 Cr ","6167 per sqft ",R
"2 BHK Independent House for Sale in Maninagar East, Maninagar, Ahmedabad","58 Lac ","4603 per sqft ",R
"3 BHK Independent House for Sale in Ahmedabad","42 Lac ","5600 per sqft ",R
"2 BHK Independent House for Sale in Bavla, Ahmedabad","32 Lac ","3368 per sqft ",R
"4 BHK Independent House for Sale in Shilaj, Ahmedabad","5.04 Cr ","11492 per sqft ",U
"4 BHK Independent House for Sale in Science City Road, Ahmedabad","3.25 Cr ","14161 per sqft ",F
"4 BHK Independent House for Sale in Sanathal, Ahmedabad","6.25 Cr ","15432 per sqft ",R
"4 BHK Independent House for Sale in SG Highway, Ahmedabad","3.25 Cr ","12241 per sqft ",U
"6 BHK Independent House for Sale in Thaltej Shilaj Road, Ahmedabad","6.51 Cr ","14467 per sqft ",F
"1 BHK Independent House for Sale in Virat Nagar, Odhav, Ahmedabad","30.5 Lac ","35894 per sqft ",R
"4 BHK Independent House for Sale in Ghuma, Ahmedabad","1.20 Cr ","5376 per sqft ",S
"3 BHK Independent House for Sale in Hatkeshwar, Ahmedabad","85 Lac ","6988 per sqft ",S
"8 BHK Independent House for Sale in Vatva, Ahmedabad","1.20 Cr ","3158 per sqft ",R
"4 BHK Independent House for Sale in South Bopal, Bopal, Ahmedabad","2.75 Cr ","7639 per sqft ",R
"4 BHK Independent House for Sale in Science City, Ahmedabad","3.40 Cr ","10074 per sqft ",R
"3 BHK Independent House for Sale in Kolat, Ahmedabad","55 Lac ","24336 per sqft ",U
"4 BHK Independent House for Sale in Corporate Road, Ahmedabad","3 Cr ","13889 per sqft ",U
"4 BHK Independent House for Sale in Prahlad Nagar, Ahmedabad","3.15 Cr ","15909 per sqft ",F
"4 BHK Independent House for Sale in Bhadaj, Ahmedabad","4.10 Cr ","12654 per sqft ",U
"5 BHK Independent House for Sale in SG Highway, Ahmedabad","15 Cr ","15576 per sqft ",U
"4 BHK Independent House for Sale in Ghuma, Ahmedabad","3.10 Cr ","7688 per sqft ",F
"4 BHK Independent House for Sale in Shilaj, Ahmedabad","4.75 Cr ","11995 per sqft ",U
"3 BHK Independent House for Sale in Jivraj Park, Ahmedabad","1.40 Cr ","7977 per sqft ",R
"1 BHK Independent House for Sale in Maninagar, Ahmedabad","47 Lac ","10398 per sqft ",R
"3 BHK Independent House for Sale in Vastral, Ahmedabad","1.15 Cr ","8168 per sqft ",R
"3 BHK Independent House for Sale in Hathijan, Ahmedabad","18 Lac ","56250 per sqft ",U
"3 BHK Independent House for Sale in Hebatpur, Ahmedabad","3 Cr ","17182 per sqft ",F
"3 BHK Independent House for Sale in Nava Vadaj, Ahmedabad","2.15 Cr ","9556 per sqft ",R
"4 BHK Independent House for Sale in Science City, Ahmedabad","2.40 Cr ","10101 per sqft ",U
"3 BHK Independent House for Sale in Aarohi Club Road, Ahmedabad","2.25 Cr ","7143 per sqft ",S
"4 BHK Independent House for Sale in Ghatlodia, Ahmedabad","2.75 Cr ","11936 per sqft ",S
"3 BHK Independent House for Sale in Vastral, Ahmedabad","1.11 Cr ","8222 per sqft ",U
"5 BHK Independent House for Sale in Thaltej, Ahmedabad","6.50 Cr ","18056 per sqft ",F
"4 BHK Independent House for Sale in Nava Naroda, Ahmedabad","1.15 Cr ","6571 per sqft ",U
"6 BHK Independent House for Sale in Chandkheda, Ahmedabad","85 Lac ","3778 per sqft ",F
"3 BHK Independent House for Sale in Manipur, Ahmedabad","1.78 Cr ","62456 per sqft ",S
"4 BHK Independent House for Sale in Ahmedabad","1.30 Cr ","6566 per sqft ",S
"4 BHK Independent House for Sale in Thaltej, Ahmedabad","5 Cr ","14854 per sqft ",F
"4 BHK Independent House for Sale in South Bopal, Bopal, Ahmedabad","2.25 Cr ","9259 per sqft ",R
"4 BHK Independent House for Sale in Memnagar, Ahmedabad","2 Cr ","11111 per sqft ",F
"3 BHK Independent House for Sale in Thaltej, Ahmedabad","4.50 Cr ","19608 per sqft ",U
"2 BHK Independent House for Sale in Isanpur, Ahmedabad","55 Lac ","6111 per sqft ",R
"5 BHK Independent House for Sale in Ahmedabad","3.50 Cr ","116667 per sqft ",F
"4 BHK Independent House for Sale in Paldi, Ahmedabad","1.65 Cr ","7639 per sqft ",S
"4 BHK Independent House for Sale in Thaltej, Ahmedabad","2.10 Cr ","8974 per sqft ",F
"3 BHK Independent House for Sale in Sanand, Ahmedabad","2.75 Cr ","3166 per sqft ",U
"5 BHK Independent House for Sale in Ghuma, Ahmedabad","4.15 Cr ","9222 per sqft ",F
"2 BHK Independent House for Sale in Ahmedabad","51 Lac ","7727 per sqft ",S
"2 BHK Independent House for Sale in Adroda, Ahmedabad","49 Lac ","4083 per sqft ",U
"2 BHK Independent House for Sale in Bopal, Ahmedabad","65 Lac ","5556 per sqft ",R
"4 BHK Independent House for Sale in Vaishno Devi, Ahmedabad","9.50 Cr ","14526 per sqft ",F
"2 BHK Independent House for Sale in Vastral, Ahmedabad","32 Lac ","6809 per sqft ",R
"1 BHK Independent House for Sale in Thakkarbapu Nagar, Ahmedabad","28 Lac ","5833 per sqft ",U
"2 BHK Independent House for Sale in Bapunagar, Ahmedabad","45 Lac ","3030 per sqft ",R
"4 BHK Independent House for Sale in Shela, Ahmedabad","2 Cr ","11111 per sqft ",U
"2 BHK Independent House for Sale in Vejalpur, Jivraj park, Ahmedabad","72 Lac ","7273 per sqft ",R
"6 BHK Independent House for Sale in Sanathal, Ahmedabad","6.50 Cr ","11649 per sqft ",F
"4 BHK Independent House for Sale in Tragad, Ahmedabad","1.25 Cr ","8929 per sqft ",U
"4 BHK Independent House for Sale in Shela, Ahmedabad","5.50 Cr ","13733 per sqft ",F
"3 BHK Independent House for Sale in Amraiwadi, Ahmedabad","92 Lac ","3799 per sqft ",R
"3 BHK Independent House for Sale in Science City, Ahmedabad","4.80 Cr ","17486 per sqft ",F
"7 BHK Independent House for Sale in Bapunagar, Ahmedabad","55 Lac ","2263 per sqft ",R
"4 BHK Independent House for Sale in Shela, Ahmedabad","3.60 Cr ","9132 per sqft ",S
"1 BHK Independent House for Sale in Naroda, Ahmedabad","40 Lac ","5714 per sqft ",R
"1 BHK Independent House for Sale in Amraiwadi, Ahmedabad","65 Lac ","6391 per sqft ",R
"3 BHK Independent House for Sale in Ghatlodiya, Ahmedabad","1.10 Cr ","55000 per sqft ",S
"2 BHK Independent House for Sale in Sanand, Ahmedabad","8 Cr ","52083 per sqft ",F
"5 BHK Independent House for Sale in Thaltej, Ahmedabad","8.50 Cr ","13265 per sqft ",U
"3 BHK Independent House for Sale in Science City, Ahmedabad","5 Cr ","12346 per sqft ",F
"4 BHK Independent House for Sale in Vatva, Ahmedabad","80 Lac ","4040 per sqft ",F
"2 BHK Independent House for Sale in Samrat Nagar, Isanpur, Ahmedabad","68.5 Lac ","6920 per sqft ",R
"4 BHK Independent House for Sale in Bhadaj, Ahmedabad","3.50 Cr ","15432 per sqft ",U
"4 BHK Independent House for Sale in Ghuma, Ahmedabad","1.70 Cr ","10552 per sqft ",S
"1 BHK Independent House for Sale in Narolgam, Ahmedabad","16 Lac ","4706 per sqft ",R
"4 BHK Independent House for Sale in Sanathal, Ahmedabad","2.30 Cr ","7516 per sqft ",R
"5 BHK Independent House for Sale in Science City, Ahmedabad","4.90 Cr ","11203 per sqft ",R
"3 BHK Independent House for Sale in South Bopal, Bopal, Ahmedabad","1.75 Cr ","11438 per sqft ",R
"3 BHK Independent House for Sale in Sola, Ahmedabad","1.50 Cr ","8333 per sqft ",S
"4 BHK Independent House for Sale in Bhadaj, Ahmedabad","4.15 Cr ","129688 per sqft ",U
"4 BHK Independent House for Sale in Ghodasar, Ahmedabad","2.50 Cr ","14706 per sqft ",R
"4 BHK Independent House for Sale in Memnagar, Ahmedabad","7 Cr ","23333 per sqft ",R
"4 BHK Independent House for Sale in Naranpura, Ahmedabad","3.75 Cr ","13441 per sqft ",R
"4 BHK Independent House for Sale in Bopal, Ahmedabad","4 Cr ","12346 per sqft ",S
"4 BHK Independent House for Sale in Lambha, Ahmedabad","62.5 Lac ","3019 per sqft ",N
